state_postal_code,county_name,county_fips_code,coc_number,bos_region
AL,Autauga County,1001,,
AL,Baldwin County,1003,,
AL,Barbour County,1005,,
AL,Bibb County,1007,,
AL,Blount County,1009,,
AL,Bullock County,1011,,
AL,Butler County,1013,,
AL,Calhoun County,1015,,
AL,Chambers County,1017,,
AL,Cherokee County,1019,,
AL,Chilton County,1021,,
AL,Choctaw County,1023,,
AL,Clarke County,1025,,
AL,Clay County,1027,,
AL,Cleburne County,1029,,
AL,Coffee County,1031,,
AL,Colbert County,1033,,
AL,Conecuh County,1035,,
AL,Coosa County,1037,,
AL,Covington County,1039,,
AL,Crenshaw County,1041,,
AL,Cullman County,1043,,
AL,Dale County,1045,,
AL,Dallas County,1047,,
AL,DeKalb County,1049,,
AL,Elmore County,1051,,
AL,Escambia County,1053,,
AL,Etowah County,1055,,
AL,Fayette County,1057,,
AL,Franklin County,1059,,
AL,Geneva County,1061,,
AL,Greene County,1063,,
AL,Hale County,1065,,
AL,Henry County,1067,,
AL,Houston County,1069,,
AL,Jackson County,1071,,
AL,Jefferson County,1073,,
AL,Lamar County,1075,,
AL,Lauderdale County,1077,,
AL,Lawrence County,1079,,
AL,Lee County,1081,,
AL,Limestone County,1083,,
AL,Lowndes County,1085,,
AL,Macon County,1087,,
AL,Madison County,1089,,
AL,Marengo County,1091,,
AL,Marion County,1093,,
AL,Marshall County,1095,,
AL,Mobile County,1097,,
AL,Monroe County,1099,,
AL,Montgomery County,1101,,
AL,Morgan County,1103,,
AL,Perry County,1105,,
AL,Pickens County,1107,,
AL,Pike County,1109,,
AL,Randolph County,1111,,
AL,Russell County,1113,,
AL,St. Clair County,1115,,
AL,Shelby County,1117,,
AL,Sumter County,1119,,
AL,Talladega County,1121,,
AL,Tallapoosa County,1123,,
AL,Tuscaloosa County,1125,,
AL,Walker County,1127,,
AL,Washington County,1129,,
AL,Wilcox County,1131,,
AL,Winston County,1133,,
AK,Aleutians East Borough,2013,,
AK,Aleutians West Census Area,2016,,
AK,Anchorage Municipality,2020,,
AK,Bethel Census Area,2050,,
AK,Bristol Bay Borough,2060,,
AK,Denali Borough,2068,,
AK,Dillingham Census Area,2070,,
AK,Fairbanks North Star Borough,2090,,
AK,Haines Borough,2100,,
AK,Hoonah-Angoon Census Area,2105,,
AK,Juneau City and Borough,2110,,
AK,Kenai Peninsula Borough,2122,,
AK,Ketchikan Gateway Borough,2130,,
AK,Kodiak Island Borough,2150,,
AK,Lake and Peninsula Borough,2164,,
AK,Matanuska-Susitna Borough,2170,,
AK,Nome Census Area,2180,,
AK,North Slope Borough,2185,,
AK,Northwest Arctic Borough,2188,,
AK,Petersburg Borough,2195,,
AK,Prince of Wales-Hyder Census Area,2198,,
AK,Sitka City and Borough,2220,,
AK,Skagway Municipality,2230,,
AK,Southeast Fairbanks Census Area,2240,,
AK,Valdez-Cordova Census Area,2261,,
AK,Wrangell City and Borough,2275,,
AK,Yakutat City and Borough,2282,,
AK,Yukon-Koyukuk Census Area,2290,,
AZ,Apache County,4001,AZ-500,AZ-500
AZ,Cochise County,4003,AZ-500,AZ-500
AZ,Coconino County,4005,AZ-500,AZ-500
AZ,Gila County,4007,AZ-500,AZ-500
AZ,Graham County,4009,AZ-500,AZ-500
AZ,Greenlee County,4011,AZ-500,AZ-500
AZ,La Paz County,4012,AZ-500,AZ-500
AZ,Maricopa County,4013,AZ-502,AZ-502
AZ,Mohave County,4015,AZ-500,AZ-500
AZ,Navajo County,4017,AZ-500,AZ-500
AZ,Pima County,4019,AZ-501,AZ-501
AZ,Pinal County,4021,AZ-500,AZ-500
AZ,Santa Cruz County,4023,AZ-500,AZ-500
AZ,Yavapai County,4025,AZ-500,AZ-500
AZ,Yuma County,4027,AZ-500,AZ-500
AR,Arkansas County,5001,,
AR,Ashley County,5003,,
AR,Baxter County,5005,,
AR,Benton County,5007,,
AR,Boone County,5009,,
AR,Bradley County,5011,,
AR,Calhoun County,5013,,
AR,Carroll County,5015,,
AR,Chicot County,5017,,
AR,Clark County,5019,,
AR,Clay County,5021,,
AR,Cleburne County,5023,,
AR,Cleveland County,5025,,
AR,Columbia County,5027,,
AR,Conway County,5029,,
AR,Craighead County,5031,,
AR,Crawford County,5033,,
AR,Crittenden County,5035,,
AR,Cross County,5037,,
AR,Dallas County,5039,,
AR,Desha County,5041,,
AR,Drew County,5043,,
AR,Faulkner County,5045,,
AR,Franklin County,5047,,
AR,Fulton County,5049,,
AR,Garland County,5051,,
AR,Grant County,5053,,
AR,Greene County,5055,,
AR,Hempstead County,5057,,
AR,Hot Spring County,5059,,
AR,Howard County,5061,,
AR,Independence County,5063,,
AR,Izard County,5065,,
AR,Jackson County,5067,,
AR,Jefferson County,5069,,
AR,Johnson County,5071,,
AR,Lafayette County,5073,,
AR,Lawrence County,5075,,
AR,Lee County,5077,,
AR,Lincoln County,5079,,
AR,Little River County,5081,,
AR,Logan County,5083,,
AR,Lonoke County,5085,,
AR,Madison County,5087,,
AR,Marion County,5089,,
AR,Miller County,5091,,
AR,Mississippi County,5093,,
AR,Monroe County,5095,,
AR,Montgomery County,5097,,
AR,Nevada County,5099,,
AR,Newton County,5101,,
AR,Ouachita County,5103,,
AR,Perry County,5105,,
AR,Phillips County,5107,,
AR,Pike County,5109,,
AR,Poinsett County,5111,,
AR,Polk County,5113,,
AR,Pope County,5115,,
AR,Prairie County,5117,,
AR,Pulaski County,5119,,
AR,Randolph County,5121,,
AR,St. Francis County,5123,,
AR,Saline County,5125,,
AR,Scott County,5127,,
AR,Searcy County,5129,,
AR,Sebastian County,5131,,
AR,Sevier County,5133,,
AR,Sharp County,5135,,
AR,Stone County,5137,,
AR,Union County,5139,,
AR,Van Buren County,5141,,
AR,Washington County,5143,,
AR,White County,5145,,
AR,Woodruff County,5147,,
AR,Yell County,5149,,
CA,Alameda County,6001,,
CA,Alpine County,6003,,
CA,Amador County,6005,,
CA,Butte County,6007,,
CA,Calaveras County,6009,,
CA,Colusa County,6011,,
CA,Contra Costa County,6013,,
CA,Del Norte County,6015,,
CA,El Dorado County,6017,,
CA,Fresno County,6019,,
CA,Glenn County,6021,,
CA,Humboldt County,6023,,
CA,Imperial County,6025,,
CA,Inyo County,6027,,
CA,Kern County,6029,,
CA,Kings County,6031,,
CA,Lake County,6033,,
CA,Lassen County,6035,,
CA,Los Angeles County,6037,,
CA,Madera County,6039,,
CA,Marin County,6041,,
CA,Mariposa County,6043,,
CA,Mendocino County,6045,,
CA,Merced County,6047,,
CA,Modoc County,6049,,
CA,Mono County,6051,,
CA,Monterey County,6053,,
CA,Napa County,6055,,
CA,Nevada County,6057,,
CA,Orange County,6059,,
CA,Placer County,6061,,
CA,Plumas County,6063,,
CA,Riverside County,6065,,
CA,Sacramento County,6067,,
CA,San Benito County,6069,,
CA,San Bernardino County,6071,,
CA,San Diego County,6073,,
CA,San Francisco County,6075,,
CA,San Joaquin County,6077,,
CA,San Luis Obispo County,6079,,
CA,San Mateo County,6081,,
CA,Santa Barbara County,6083,,
CA,Santa Clara County,6085,,
CA,Santa Cruz County,6087,,
CA,Shasta County,6089,,
CA,Sierra County,6091,,
CA,Siskiyou County,6093,,
CA,Solano County,6095,,
CA,Sonoma County,6097,,
CA,Stanislaus County,6099,,
CA,Sutter County,6101,,
CA,Tehama County,6103,,
CA,Trinity County,6105,,
CA,Tulare County,6107,,
CA,Tuolumne County,6109,,
CA,Ventura County,6111,,
CA,Yolo County,6113,,
CA,Yuba County,6115,,
CO,Adams County,8001,,
CO,Alamosa County,8003,,
CO,Arapahoe County,8005,,
CO,Archuleta County,8007,,
CO,Baca County,8009,,
CO,Bent County,8011,,
CO,Boulder County,8013,,
CO,Broomfield County,8014,,
CO,Chaffee County,8015,,
CO,Cheyenne County,8017,,
CO,Clear Creek County,8019,,
CO,Conejos County,8021,,
CO,Costilla County,8023,,
CO,Crowley County,8025,,
CO,Custer County,8027,,
CO,Delta County,8029,,
CO,Denver County,8031,,
CO,Dolores County,8033,,
CO,Douglas County,8035,,
CO,Eagle County,8037,,
CO,Elbert County,8039,,
CO,El Paso County,8041,,
CO,Fremont County,8043,,
CO,Garfield County,8045,,
CO,Gilpin County,8047,,
CO,Grand County,8049,,
CO,Gunnison County,8051,,
CO,Hinsdale County,8053,,
CO,Huerfano County,8055,,
CO,Jackson County,8057,,
CO,Jefferson County,8059,,
CO,Kiowa County,8061,,
CO,Kit Carson County,8063,,
CO,Lake County,8065,,
CO,La Plata County,8067,,
CO,Larimer County,8069,,
CO,Las Animas County,8071,,
CO,Lincoln County,8073,,
CO,Logan County,8075,,
CO,Mesa County,8077,,
CO,Mineral County,8079,,
CO,Moffat County,8081,,
CO,Montezuma County,8083,,
CO,Montrose County,8085,,
CO,Morgan County,8087,,
CO,Otero County,8089,,
CO,Ouray County,8091,,
CO,Park County,8093,,
CO,Phillips County,8095,,
CO,Pitkin County,8097,,
CO,Prowers County,8099,,
CO,Pueblo County,8101,,
CO,Rio Blanco County,8103,,
CO,Rio Grande County,8105,,
CO,Routt County,8107,,
CO,Saguache County,8109,,
CO,San Juan County,8111,,
CO,San Miguel County,8113,,
CO,Sedgwick County,8115,,
CO,Summit County,8117,,
CO,Teller County,8119,,
CO,Washington County,8121,,
CO,Weld County,8123,,
CO,Yuma County,8125,,
CT,Fairfield County,9001,,
CT,Hartford County,9003,,
CT,Litchfield County,9005,,
CT,Middlesex County,9007,,
CT,New Haven County,9009,,
CT,New London County,9011,,
CT,Tolland County,9013,,
CT,Windham County,9015,,
DE,Kent County,10001,DE-500,DE-500
DE,New Castle County,10003,DE-500,DE-500
DE,Sussex County,10005,DE-500,DE-500
DC,District of Columbia,11001,DC-500,DC-500
FL,Alachua County,12001,,
FL,Baker County,12003,,
FL,Bay County,12005,,
FL,Bradford County,12007,,
FL,Brevard County,12009,,
FL,Broward County,12011,,
FL,Calhoun County,12013,,
FL,Charlotte County,12015,,
FL,Citrus County,12017,,
FL,Clay County,12019,,
FL,Collier County,12021,,
FL,Columbia County,12023,,
FL,DeSoto County,12027,,
FL,Dixie County,12029,,
FL,Duval County,12031,,
FL,Escambia County,12033,,
FL,Flagler County,12035,,
FL,Franklin County,12037,,
FL,Gadsden County,12039,,
FL,Gilchrist County,12041,,
FL,Glades County,12043,,
FL,Gulf County,12045,,
FL,Hamilton County,12047,,
FL,Hardee County,12049,,
FL,Hendry County,12051,,
FL,Hernando County,12053,,
FL,Highlands County,12055,,
FL,Hillsborough County,12057,,
FL,Holmes County,12059,,
FL,Indian River County,12061,,
FL,Jackson County,12063,,
FL,Jefferson County,12065,,
FL,Lafayette County,12067,,
FL,Lake County,12069,,
FL,Lee County,12071,,
FL,Leon County,12073,,
FL,Levy County,12075,,
FL,Liberty County,12077,,
FL,Madison County,12079,,
FL,Manatee County,12081,,
FL,Marion County,12083,,
FL,Martin County,12085,,
FL,Miami-Dade County,12086,,
FL,Monroe County,12087,,
FL,Nassau County,12089,,
FL,Okaloosa County,12091,,
FL,Okeechobee County,12093,,
FL,Orange County,12095,,
FL,Osceola County,12097,,
FL,Palm Beach County,12099,,
FL,Pasco County,12101,,
FL,Pinellas County,12103,,
FL,Polk County,12105,,
FL,Putnam County,12107,,
FL,St. Johns County,12109,,
FL,St. Lucie County,12111,,
FL,Santa Rosa County,12113,,
FL,Sarasota County,12115,,
FL,Seminole County,12117,,
FL,Sumter County,12119,,
FL,Suwannee County,12121,,
FL,Taylor County,12123,,
FL,Union County,12125,,
FL,Volusia County,12127,,
FL,Wakulla County,12129,,
FL,Walton County,12131,,
FL,Washington County,12133,,
GA,Appling County,13001,,
GA,Atkinson County,13003,,
GA,Bacon County,13005,,
GA,Baker County,13007,,
GA,Baldwin County,13009,,
GA,Banks County,13011,,
GA,Barrow County,13013,,
GA,Bartow County,13015,,
GA,Ben Hill County,13017,,
GA,Berrien County,13019,,
GA,Bibb County,13021,,
GA,Bleckley County,13023,,
GA,Brantley County,13025,,
GA,Brooks County,13027,,
GA,Bryan County,13029,,
GA,Bulloch County,13031,,
GA,Burke County,13033,,
GA,Butts County,13035,,
GA,Calhoun County,13037,,
GA,Camden County,13039,,
GA,Candler County,13043,,
GA,Carroll County,13045,,
GA,Catoosa County,13047,,
GA,Charlton County,13049,,
GA,Chatham County,13051,,
GA,Chattahoochee County,13053,,
GA,Chattooga County,13055,,
GA,Cherokee County,13057,,
GA,Clarke County,13059,,
GA,Clay County,13061,,
GA,Clayton County,13063,,
GA,Clinch County,13065,,
GA,Cobb County,13067,,
GA,Coffee County,13069,,
GA,Colquitt County,13071,,
GA,Columbia County,13073,,
GA,Cook County,13075,,
GA,Coweta County,13077,,
GA,Crawford County,13079,,
GA,Crisp County,13081,,
GA,Dade County,13083,,
GA,Dawson County,13085,,
GA,Decatur County,13087,,
GA,DeKalb County,13089,,
GA,Dodge County,13091,,
GA,Dooly County,13093,,
GA,Dougherty County,13095,,
GA,Douglas County,13097,,
GA,Early County,13099,,
GA,Echols County,13101,,
GA,Effingham County,13103,,
GA,Elbert County,13105,,
GA,Emanuel County,13107,,
GA,Evans County,13109,,
GA,Fannin County,13111,,
GA,Fayette County,13113,,
GA,Floyd County,13115,,
GA,Forsyth County,13117,,
GA,Franklin County,13119,,
GA,Fulton County,13121,,
GA,Gilmer County,13123,,
GA,Glascock County,13125,,
GA,Glynn County,13127,,
GA,Gordon County,13129,,
GA,Grady County,13131,,
GA,Greene County,13133,,
GA,Gwinnett County,13135,,
GA,Habersham County,13137,,
GA,Hall County,13139,,
GA,Hancock County,13141,,
GA,Haralson County,13143,,
GA,Harris County,13145,,
GA,Hart County,13147,,
GA,Heard County,13149,,
GA,Henry County,13151,,
GA,Houston County,13153,,
GA,Irwin County,13155,,
GA,Jackson County,13157,,
GA,Jasper County,13159,,
GA,Jeff Davis County,13161,,
GA,Jefferson County,13163,,
GA,Jenkins County,13165,,
GA,Johnson County,13167,,
GA,Jones County,13169,,
GA,Lamar County,13171,,
GA,Lanier County,13173,,
GA,Laurens County,13175,,
GA,Lee County,13177,,
GA,Liberty County,13179,,
GA,Lincoln County,13181,,
GA,Long County,13183,,
GA,Lowndes County,13185,,
GA,Lumpkin County,13187,,
GA,McDuffie County,13189,,
GA,McIntosh County,13191,,
GA,Macon County,13193,,
GA,Madison County,13195,,
GA,Marion County,13197,,
GA,Meriwether County,13199,,
GA,Miller County,13201,,
GA,Mitchell County,13205,,
GA,Monroe County,13207,,
GA,Montgomery County,13209,,
GA,Morgan County,13211,,
GA,Murray County,13213,,
GA,Muscogee County,13215,,
GA,Newton County,13217,,
GA,Oconee County,13219,,
GA,Oglethorpe County,13221,,
GA,Paulding County,13223,,
GA,Peach County,13225,,
GA,Pickens County,13227,,
GA,Pierce County,13229,,
GA,Pike County,13231,,
GA,Polk County,13233,,
GA,Pulaski County,13235,,
GA,Putnam County,13237,,
GA,Quitman County,13239,,
GA,Rabun County,13241,,
GA,Randolph County,13243,,
GA,Richmond County,13245,,
GA,Rockdale County,13247,,
GA,Schley County,13249,,
GA,Screven County,13251,,
GA,Seminole County,13253,,
GA,Spalding County,13255,,
GA,Stephens County,13257,,
GA,Stewart County,13259,,
GA,Sumter County,13261,,
GA,Talbot County,13263,,
GA,Taliaferro County,13265,,
GA,Tattnall County,13267,,
GA,Taylor County,13269,,
GA,Telfair County,13271,,
GA,Terrell County,13273,,
GA,Thomas County,13275,,
GA,Tift County,13277,,
GA,Toombs County,13279,,
GA,Towns County,13281,,
GA,Treutlen County,13283,,
GA,Troup County,13285,,
GA,Turner County,13287,,
GA,Twiggs County,13289,,
GA,Union County,13291,,
GA,Upson County,13293,,
GA,Walker County,13295,,
GA,Walton County,13297,,
GA,Ware County,13299,,
GA,Warren County,13301,,
GA,Washington County,13303,,
GA,Wayne County,13305,,
GA,Webster County,13307,,
GA,Wheeler County,13309,,
GA,White County,13311,,
GA,Whitfield County,13313,,
GA,Wilcox County,13315,,
GA,Wilkes County,13317,,
GA,Wilkinson County,13319,,
GA,Worth County,13321,,
HI,Hawaii County,15001,HI-500,HI-500
HI,Honolulu County,15003,HI-501,HI-501
HI,Kalawao County,15005,HI-500,HI-500
HI,Kauai County,15007,HI-500,HI-500
HI,Maui County,15009,HI-500,HI-500
ID,Ada County,16001,ID-500,ID-500
ID,Adams County,16003,ID-501,ID-501
ID,Bannock County,16005,ID-501,ID-501
ID,Bear Lake County,16007,ID-501,ID-501
ID,Benewah County,16009,ID-501,ID-501
ID,Bingham County,16011,ID-501,ID-501
ID,Blaine County,16013,ID-501,ID-501
ID,Boise County,16015,ID-501,ID-501
ID,Bonner County,16017,ID-501,ID-501
ID,Bonneville County,16019,ID-501,ID-501
ID,Boundary County,16021,ID-501,ID-501
ID,Butte County,16023,ID-501,ID-501
ID,Camas County,16025,ID-501,ID-501
ID,Canyon County,16027,ID-501,ID-501
ID,Caribou County,16029,ID-501,ID-501
ID,Cassia County,16031,ID-501,ID-501
ID,Clark County,16033,ID-501,ID-501
ID,Clearwater County,16035,ID-501,ID-501
ID,Custer County,16037,ID-501,ID-501
ID,Elmore County,16039,ID-501,ID-501
ID,Franklin County,16041,ID-501,ID-501
ID,Fremont County,16043,ID-501,ID-501
ID,Gem County,16045,ID-501,ID-501
ID,Gooding County,16047,ID-501,ID-501
ID,Idaho County,16049,ID-501,ID-501
ID,Jefferson County,16051,ID-501,ID-501
ID,Jerome County,16053,ID-501,ID-501
ID,Kootenai County,16055,ID-501,ID-501
ID,Latah County,16057,ID-501,ID-501
ID,Lemhi County,16059,ID-501,ID-501
ID,Lewis County,16061,ID-501,ID-501
ID,Lincoln County,16063,ID-501,ID-501
ID,Madison County,16065,ID-501,ID-501
ID,Minidoka County,16067,ID-501,ID-501
ID,Nez Perce County,16069,ID-501,ID-501
ID,Oneida County,16071,ID-501,ID-501
ID,Owyhee County,16073,ID-501,ID-501
ID,Payette County,16075,ID-501,ID-501
ID,Power County,16077,ID-501,ID-501
ID,Shoshone County,16079,ID-501,ID-501
ID,Teton County,16081,ID-501,ID-501
ID,Twin Falls County,16083,ID-501,ID-501
ID,Valley County,16085,ID-501,ID-501
ID,Washington County,16087,ID-501,ID-501
IL,Adams County,17001,,
IL,Alexander County,17003,,
IL,Bond County,17005,,
IL,Boone County,17007,,
IL,Brown County,17009,,
IL,Bureau County,17011,,
IL,Calhoun County,17013,,
IL,Carroll County,17015,,
IL,Cass County,17017,,
IL,Champaign County,17019,,
IL,Christian County,17021,,
IL,Clark County,17023,,
IL,Clay County,17025,,
IL,Clinton County,17027,,
IL,Coles County,17029,,
IL,Cook County,17031,,
IL,Crawford County,17033,,
IL,Cumberland County,17035,,
IL,DeKalb County,17037,,
IL,De Witt County,17039,,
IL,Douglas County,17041,,
IL,DuPage County,17043,,
IL,Edgar County,17045,,
IL,Edwards County,17047,,
IL,Effingham County,17049,,
IL,Fayette County,17051,,
IL,Ford County,17053,,
IL,Franklin County,17055,,
IL,Fulton County,17057,,
IL,Gallatin County,17059,,
IL,Greene County,17061,,
IL,Grundy County,17063,,
IL,Hamilton County,17065,,
IL,Hancock County,17067,,
IL,Hardin County,17069,,
IL,Henderson County,17071,,
IL,Henry County,17073,,
IL,Iroquois County,17075,,
IL,Jackson County,17077,,
IL,Jasper County,17079,,
IL,Jefferson County,17081,,
IL,Jersey County,17083,,
IL,Jo Daviess County,17085,,
IL,Johnson County,17087,,
IL,Kane County,17089,,
IL,Kankakee County,17091,,
IL,Kendall County,17093,,
IL,Knox County,17095,,
IL,Lake County,17097,,
IL,LaSalle County,17099,,
IL,Lawrence County,17101,,
IL,Lee County,17103,,
IL,Livingston County,17105,,
IL,Logan County,17107,,
IL,McDonough County,17109,,
IL,McHenry County,17111,,
IL,McLean County,17113,,
IL,Macon County,17115,,
IL,Macoupin County,17117,,
IL,Madison County,17119,,
IL,Marion County,17121,,
IL,Marshall County,17123,,
IL,Mason County,17125,,
IL,Massac County,17127,,
IL,Menard County,17129,,
IL,Mercer County,17131,,
IL,Monroe County,17133,,
IL,Montgomery County,17135,,
IL,Morgan County,17137,,
IL,Moultrie County,17139,,
IL,Ogle County,17141,,
IL,Peoria County,17143,,
IL,Perry County,17145,,
IL,Piatt County,17147,,
IL,Pike County,17149,,
IL,Pope County,17151,,
IL,Pulaski County,17153,,
IL,Putnam County,17155,,
IL,Randolph County,17157,,
IL,Richland County,17159,,
IL,Rock Island County,17161,,
IL,St. Clair County,17163,,
IL,Saline County,17165,,
IL,Sangamon County,17167,,
IL,Schuyler County,17169,,
IL,Scott County,17171,,
IL,Shelby County,17173,,
IL,Stark County,17175,,
IL,Stephenson County,17177,,
IL,Tazewell County,17179,,
IL,Union County,17181,,
IL,Vermilion County,17183,,
IL,Wabash County,17185,,
IL,Warren County,17187,,
IL,Washington County,17189,,
IL,Wayne County,17191,,
IL,White County,17193,,
IL,Whiteside County,17195,,
IL,Will County,17197,,
IL,Williamson County,17199,,
IL,Winnebago County,17201,,
IL,Woodford County,17203,,
IN,Adams County,18001,,
IN,Allen County,18003,,
IN,Bartholomew County,18005,,
IN,Benton County,18007,,
IN,Blackford County,18009,,
IN,Boone County,18011,,
IN,Brown County,18013,,
IN,Carroll County,18015,,
IN,Cass County,18017,,
IN,Clark County,18019,,
IN,Clay County,18021,,
IN,Clinton County,18023,,
IN,Crawford County,18025,,
IN,Daviess County,18027,,
IN,Dearborn County,18029,,
IN,Decatur County,18031,,
IN,DeKalb County,18033,,
IN,Delaware County,18035,,
IN,Dubois County,18037,,
IN,Elkhart County,18039,,
IN,Fayette County,18041,,
IN,Floyd County,18043,,
IN,Fountain County,18045,,
IN,Franklin County,18047,,
IN,Fulton County,18049,,
IN,Gibson County,18051,,
IN,Grant County,18053,,
IN,Greene County,18055,,
IN,Hamilton County,18057,,
IN,Hancock County,18059,,
IN,Harrison County,18061,,
IN,Hendricks County,18063,,
IN,Henry County,18065,,
IN,Howard County,18067,,
IN,Huntington County,18069,,
IN,Jackson County,18071,,
IN,Jasper County,18073,,
IN,Jay County,18075,,
IN,Jefferson County,18077,,
IN,Jennings County,18079,,
IN,Johnson County,18081,,
IN,Knox County,18083,,
IN,Kosciusko County,18085,,
IN,LaGrange County,18087,,
IN,Lake County,18089,,
IN,LaPorte County,18091,,
IN,Lawrence County,18093,,
IN,Madison County,18095,,
IN,Marion County,18097,,
IN,Marshall County,18099,,
IN,Martin County,18101,,
IN,Miami County,18103,,
IN,Monroe County,18105,,
IN,Montgomery County,18107,,
IN,Morgan County,18109,,
IN,Newton County,18111,,
IN,Noble County,18113,,
IN,Ohio County,18115,,
IN,Orange County,18117,,
IN,Owen County,18119,,
IN,Parke County,18121,,
IN,Perry County,18123,,
IN,Pike County,18125,,
IN,Porter County,18127,,
IN,Posey County,18129,,
IN,Pulaski County,18131,,
IN,Putnam County,18133,,
IN,Randolph County,18135,,
IN,Ripley County,18137,,
IN,Rush County,18139,,
IN,St. Joseph County,18141,,
IN,Scott County,18143,,
IN,Shelby County,18145,,
IN,Spencer County,18147,,
IN,Starke County,18149,,
IN,Steuben County,18151,,
IN,Sullivan County,18153,,
IN,Switzerland County,18155,,
IN,Tippecanoe County,18157,,
IN,Tipton County,18159,,
IN,Union County,18161,,
IN,Vanderburgh County,18163,,
IN,Vermillion County,18165,,
IN,Vigo County,18167,,
IN,Wabash County,18169,,
IN,Warren County,18171,,
IN,Warrick County,18173,,
IN,Washington County,18175,,
IN,Wayne County,18177,,
IN,Wells County,18179,,
IN,White County,18181,,
IN,Whitley County,18183,,
IA,Adair County,19001,,
IA,Adams County,19003,,
IA,Allamakee County,19005,,
IA,Appanoose County,19007,,
IA,Audubon County,19009,,
IA,Benton County,19011,,
IA,Black Hawk County,19013,,
IA,Boone County,19015,,
IA,Bremer County,19017,,
IA,Buchanan County,19019,,
IA,Buena Vista County,19021,,
IA,Butler County,19023,,
IA,Calhoun County,19025,,
IA,Carroll County,19027,,
IA,Cass County,19029,,
IA,Cedar County,19031,,
IA,Cerro Gordo County,19033,,
IA,Cherokee County,19035,,
IA,Chickasaw County,19037,,
IA,Clarke County,19039,,
IA,Clay County,19041,,
IA,Clayton County,19043,,
IA,Clinton County,19045,,
IA,Crawford County,19047,,
IA,Dallas County,19049,,
IA,Davis County,19051,,
IA,Decatur County,19053,,
IA,Delaware County,19055,,
IA,Des Moines County,19057,,
IA,Dickinson County,19059,,
IA,Dubuque County,19061,,
IA,Emmet County,19063,,
IA,Fayette County,19065,,
IA,Floyd County,19067,,
IA,Franklin County,19069,,
IA,Fremont County,19071,,
IA,Greene County,19073,,
IA,Grundy County,19075,,
IA,Guthrie County,19077,,
IA,Hamilton County,19079,,
IA,Hancock County,19081,,
IA,Hardin County,19083,,
IA,Harrison County,19085,,
IA,Henry County,19087,,
IA,Howard County,19089,,
IA,Humboldt County,19091,,
IA,Ida County,19093,,
IA,Iowa County,19095,,
IA,Jackson County,19097,,
IA,Jasper County,19099,,
IA,Jefferson County,19101,,
IA,Johnson County,19103,,
IA,Jones County,19105,,
IA,Keokuk County,19107,,
IA,Kossuth County,19109,,
IA,Lee County,19111,,
IA,Linn County,19113,,
IA,Louisa County,19115,,
IA,Lucas County,19117,,
IA,Lyon County,19119,,
IA,Madison County,19121,,
IA,Mahaska County,19123,,
IA,Marion County,19125,,
IA,Marshall County,19127,,
IA,Mills County,19129,,
IA,Mitchell County,19131,,
IA,Monona County,19133,,
IA,Monroe County,19135,,
IA,Montgomery County,19137,,
IA,Muscatine County,19139,,
IA,O'Brien County,19141,,
IA,Osceola County,19143,,
IA,Page County,19145,,
IA,Palo Alto County,19147,,
IA,Plymouth County,19149,,
IA,Pocahontas County,19151,,
IA,Polk County,19153,,
IA,Pottawattamie County,19155,,
IA,Poweshiek County,19157,,
IA,Ringgold County,19159,,
IA,Sac County,19161,,
IA,Scott County,19163,,
IA,Shelby County,19165,,
IA,Sioux County,19167,,
IA,Story County,19169,,
IA,Tama County,19171,,
IA,Taylor County,19173,,
IA,Union County,19175,,
IA,Van Buren County,19177,,
IA,Wapello County,19179,,
IA,Warren County,19181,,
IA,Washington County,19183,,
IA,Wayne County,19185,,
IA,Webster County,19187,,
IA,Winnebago County,19189,,
IA,Winneshiek County,19191,,
IA,Woodbury County,19193,,
IA,Worth County,19195,,
IA,Wright County,19197,,
KS,Allen County,20001,,
KS,Anderson County,20003,,
KS,Atchison County,20005,,
KS,Barber County,20007,,
KS,Barton County,20009,,
KS,Bourbon County,20011,,
KS,Brown County,20013,,
KS,Butler County,20015,,
KS,Chase County,20017,,
KS,Chautauqua County,20019,,
KS,Cherokee County,20021,,
KS,Cheyenne County,20023,,
KS,Clark County,20025,,
KS,Clay County,20027,,
KS,Cloud County,20029,,
KS,Coffey County,20031,,
KS,Comanche County,20033,,
KS,Cowley County,20035,,
KS,Crawford County,20037,,
KS,Decatur County,20039,,
KS,Dickinson County,20041,,
KS,Doniphan County,20043,,
KS,Douglas County,20045,,
KS,Edwards County,20047,,
KS,Elk County,20049,,
KS,Ellis County,20051,,
KS,Ellsworth County,20053,,
KS,Finney County,20055,,
KS,Ford County,20057,,
KS,Franklin County,20059,,
KS,Geary County,20061,,
KS,Gove County,20063,,
KS,Graham County,20065,,
KS,Grant County,20067,,
KS,Gray County,20069,,
KS,Greeley County,20071,,
KS,Greenwood County,20073,,
KS,Hamilton County,20075,,
KS,Harper County,20077,,
KS,Harvey County,20079,,
KS,Haskell County,20081,,
KS,Hodgeman County,20083,,
KS,Jackson County,20085,,
KS,Jefferson County,20087,,
KS,Jewell County,20089,,
KS,Johnson County,20091,,
KS,Kearny County,20093,,
KS,Kingman County,20095,,
KS,Kiowa County,20097,,
KS,Labette County,20099,,
KS,Lane County,20101,,
KS,Leavenworth County,20103,,
KS,Lincoln County,20105,,
KS,Linn County,20107,,
KS,Logan County,20109,,
KS,Lyon County,20111,,
KS,McPherson County,20113,,
KS,Marion County,20115,,
KS,Marshall County,20117,,
KS,Meade County,20119,,
KS,Miami County,20121,,
KS,Mitchell County,20123,,
KS,Montgomery County,20125,,
KS,Morris County,20127,,
KS,Morton County,20129,,
KS,Nemaha County,20131,,
KS,Neosho County,20133,,
KS,Ness County,20135,,
KS,Norton County,20137,,
KS,Osage County,20139,,
KS,Osborne County,20141,,
KS,Ottawa County,20143,,
KS,Pawnee County,20145,,
KS,Phillips County,20147,,
KS,Pottawatomie County,20149,,
KS,Pratt County,20151,,
KS,Rawlins County,20153,,
KS,Reno County,20155,,
KS,Republic County,20157,,
KS,Rice County,20159,,
KS,Riley County,20161,,
KS,Rooks County,20163,,
KS,Rush County,20165,,
KS,Russell County,20167,,
KS,Saline County,20169,,
KS,Scott County,20171,,
KS,Sedgwick County,20173,,
KS,Seward County,20175,,
KS,Shawnee County,20177,,
KS,Sheridan County,20179,,
KS,Sherman County,20181,,
KS,Smith County,20183,,
KS,Stafford County,20185,,
KS,Stanton County,20187,,
KS,Stevens County,20189,,
KS,Sumner County,20191,,
KS,Thomas County,20193,,
KS,Trego County,20195,,
KS,Wabaunsee County,20197,,
KS,Wallace County,20199,,
KS,Washington County,20201,,
KS,Wichita County,20203,,
KS,Wilson County,20205,,
KS,Woodson County,20207,,
KS,Wyandotte County,20209,,
KY,Adair County,21001,,
KY,Allen County,21003,,
KY,Anderson County,21005,,
KY,Ballard County,21007,,
KY,Barren County,21009,,
KY,Bath County,21011,,
KY,Bell County,21013,,
KY,Boone County,21015,,
KY,Bourbon County,21017,,
KY,Boyd County,21019,,
KY,Boyle County,21021,,
KY,Bracken County,21023,,
KY,Breathitt County,21025,,
KY,Breckinridge County,21027,,
KY,Bullitt County,21029,,
KY,Butler County,21031,,
KY,Caldwell County,21033,,
KY,Calloway County,21035,,
KY,Campbell County,21037,,
KY,Carlisle County,21039,,
KY,Carroll County,21041,,
KY,Carter County,21043,,
KY,Casey County,21045,,
KY,Christian County,21047,,
KY,Clark County,21049,,
KY,Clay County,21051,,
KY,Clinton County,21053,,
KY,Crittenden County,21055,,
KY,Cumberland County,21057,,
KY,Daviess County,21059,,
KY,Edmonson County,21061,,
KY,Elliott County,21063,,
KY,Estill County,21065,,
KY,Fayette County,21067,,
KY,Fleming County,21069,,
KY,Floyd County,21071,,
KY,Franklin County,21073,,
KY,Fulton County,21075,,
KY,Gallatin County,21077,,
KY,Garrard County,21079,,
KY,Grant County,21081,,
KY,Graves County,21083,,
KY,Grayson County,21085,,
KY,Green County,21087,,
KY,Greenup County,21089,,
KY,Hancock County,21091,,
KY,Hardin County,21093,,
KY,Harlan County,21095,,
KY,Harrison County,21097,,
KY,Hart County,21099,,
KY,Henderson County,21101,,
KY,Henry County,21103,,
KY,Hickman County,21105,,
KY,Hopkins County,21107,,
KY,Jackson County,21109,,
KY,Jefferson County,21111,,
KY,Jessamine County,21113,,
KY,Johnson County,21115,,
KY,Kenton County,21117,,
KY,Knott County,21119,,
KY,Knox County,21121,,
KY,Larue County,21123,,
KY,Laurel County,21125,,
KY,Lawrence County,21127,,
KY,Lee County,21129,,
KY,Leslie County,21131,,
KY,Letcher County,21133,,
KY,Lewis County,21135,,
KY,Lincoln County,21137,,
KY,Livingston County,21139,,
KY,Logan County,21141,,
KY,Lyon County,21143,,
KY,McCracken County,21145,,
KY,McCreary County,21147,,
KY,McLean County,21149,,
KY,Madison County,21151,,
KY,Magoffin County,21153,,
KY,Marion County,21155,,
KY,Marshall County,21157,,
KY,Martin County,21159,,
KY,Mason County,21161,,
KY,Meade County,21163,,
KY,Menifee County,21165,,
KY,Mercer County,21167,,
KY,Metcalfe County,21169,,
KY,Monroe County,21171,,
KY,Montgomery County,21173,,
KY,Morgan County,21175,,
KY,Muhlenberg County,21177,,
KY,Nelson County,21179,,
KY,Nicholas County,21181,,
KY,Ohio County,21183,,
KY,Oldham County,21185,,
KY,Owen County,21187,,
KY,Owsley County,21189,,
KY,Pendleton County,21191,,
KY,Perry County,21193,,
KY,Pike County,21195,,
KY,Powell County,21197,,
KY,Pulaski County,21199,,
KY,Robertson County,21201,,
KY,Rockcastle County,21203,,
KY,Rowan County,21205,,
KY,Russell County,21207,,
KY,Scott County,21209,,
KY,Shelby County,21211,,
KY,Simpson County,21213,,
KY,Spencer County,21215,,
KY,Taylor County,21217,,
KY,Todd County,21219,,
KY,Trigg County,21221,,
KY,Trimble County,21223,,
KY,Union County,21225,,
KY,Warren County,21227,,
KY,Washington County,21229,,
KY,Wayne County,21231,,
KY,Webster County,21233,,
KY,Whitley County,21235,,
KY,Wolfe County,21237,,
KY,Woodford County,21239,,
LA,Acadia Parish,22001,,
LA,Allen Parish,22003,,
LA,Ascension Parish,22005,,
LA,Assumption Parish,22007,,
LA,Avoyelles Parish,22009,,
LA,Beauregard Parish,22011,,
LA,Bienville Parish,22013,,
LA,Bossier Parish,22015,,
LA,Caddo Parish,22017,,
LA,Calcasieu Parish,22019,,
LA,Caldwell Parish,22021,,
LA,Cameron Parish,22023,,
LA,Catahoula Parish,22025,,
LA,Claiborne Parish,22027,,
LA,Concordia Parish,22029,,
LA,De Soto Parish,22031,,
LA,East Baton Rouge Parish,22033,,
LA,East Carroll Parish,22035,,
LA,East Feliciana Parish,22037,,
LA,Evangeline Parish,22039,,
LA,Franklin Parish,22041,,
LA,Grant Parish,22043,,
LA,Iberia Parish,22045,,
LA,Iberville Parish,22047,,
LA,Jackson Parish,22049,,
LA,Jefferson Parish,22051,,
LA,Jefferson Davis Parish,22053,,
LA,Lafayette Parish,22055,,
LA,Lafourche Parish,22057,,
LA,LaSalle Parish,22059,,
LA,Lincoln Parish,22061,,
LA,Livingston Parish,22063,,
LA,Madison Parish,22065,,
LA,Morehouse Parish,22067,,
LA,Natchitoches Parish,22069,,
LA,Orleans Parish,22071,,
LA,Ouachita Parish,22073,,
LA,Plaquemines Parish,22075,,
LA,Pointe Coupee Parish,22077,,
LA,Rapides Parish,22079,,
LA,Red River Parish,22081,,
LA,Richland Parish,22083,,
LA,Sabine Parish,22085,,
LA,St. Bernard Parish,22087,,
LA,St. Charles Parish,22089,,
LA,St. Helena Parish,22091,,
LA,St. James Parish,22093,,
LA,St. John the Baptist Parish,22095,,
LA,St. Landry Parish,22097,,
LA,St. Martin Parish,22099,,
LA,St. Mary Parish,22101,,
LA,St. Tammany Parish,22103,,
LA,Tangipahoa Parish,22105,,
LA,Tensas Parish,22107,,
LA,Terrebonne Parish,22109,,
LA,Union Parish,22111,,
LA,Vermilion Parish,22113,,
LA,Vernon Parish,22115,,
LA,Washington Parish,22117,,
LA,Webster Parish,22119,,
LA,West Baton Rouge Parish,22121,,
LA,West Carroll Parish,22123,,
LA,West Feliciana Parish,22125,,
LA,Winn Parish,22127,,
ME,Androscoggin County,23001,ME-500,ME-500
ME,Aroostook County,23003,ME-500,ME-500
ME,Cumberland County,23005,ME-500,ME-500
ME,Franklin County,23007,ME-500,ME-500
ME,Hancock County,23009,ME-500,ME-500
ME,Kennebec County,23011,ME-500,ME-500
ME,Knox County,23013,ME-500,ME-500
ME,Lincoln County,23015,ME-500,ME-500
ME,Oxford County,23017,ME-500,ME-500
ME,Penobscot County,23019,ME-500,ME-500
ME,Piscataquis County,23021,ME-500,ME-500
ME,Sagadahoc County,23023,ME-500,ME-500
ME,Somerset County,23025,ME-500,ME-500
ME,Waldo County,23027,ME-500,ME-500
ME,Washington County,23029,ME-500,ME-500
ME,York County,23031,ME-500,ME-500
MD,Allegany County,24001,,
MD,Anne Arundel County,24003,,
MD,Baltimore County,24005,,
MD,Calvert County,24009,,
MD,Caroline County,24011,,
MD,Carroll County,24013,,
MD,Cecil County,24015,,
MD,Charles County,24017,,
MD,Dorchester County,24019,,
MD,Frederick County,24021,,
MD,Garrett County,24023,,
MD,Harford County,24025,,
MD,Howard County,24027,,
MD,Kent County,24029,,
MD,Montgomery County,24031,,
MD,Prince George's County,24033,,
MD,Queen Anne's County,24035,,
MD,St. Mary's County,24037,,
MD,Somerset County,24039,,
MD,Talbot County,24041,,
MD,Washington County,24043,,
MD,Wicomico County,24045,,
MD,Worcester County,24047,,
MD,Baltimore city,24510,,
MA,Barnstable County,25001,,
MA,Berkshire County,25003,,
MA,Bristol County,25005,,
MA,Dukes County,25007,,
MA,Essex County,25009,,
MA,Franklin County,25011,,
MA,Hampden County,25013,,
MA,Hampshire County,25015,,
MA,Middlesex County,25017,,
MA,Nantucket County,25019,,
MA,Norfolk County,25021,,
MA,Plymouth County,25023,,
MA,Suffolk County,25025,,
MA,Worcester County,25027,,
MI,Alcona County,26001,,
MI,Alger County,26003,,
MI,Allegan County,26005,,
MI,Alpena County,26007,,
MI,Antrim County,26009,,
MI,Arenac County,26011,,
MI,Baraga County,26013,,
MI,Barry County,26015,,
MI,Bay County,26017,,
MI,Benzie County,26019,,
MI,Berrien County,26021,,
MI,Branch County,26023,,
MI,Calhoun County,26025,,
MI,Cass County,26027,,
MI,Charlevoix County,26029,,
MI,Cheboygan County,26031,,
MI,Chippewa County,26033,,
MI,Clare County,26035,,
MI,Clinton County,26037,,
MI,Crawford County,26039,,
MI,Delta County,26041,,
MI,Dickinson County,26043,,
MI,Eaton County,26045,,
MI,Emmet County,26047,,
MI,Genesee County,26049,,
MI,Gladwin County,26051,,
MI,Gogebic County,26053,,
MI,Grand Traverse County,26055,,
MI,Gratiot County,26057,,
MI,Hillsdale County,26059,,
MI,Houghton County,26061,,
MI,Huron County,26063,,
MI,Ingham County,26065,,
MI,Ionia County,26067,,
MI,Iosco County,26069,,
MI,Iron County,26071,,
MI,Isabella County,26073,,
MI,Jackson County,26075,,
MI,Kalamazoo County,26077,,
MI,Kalkaska County,26079,,
MI,Kent County,26081,,
MI,Keweenaw County,26083,,
MI,Lake County,26085,,
MI,Lapeer County,26087,,
MI,Leelanau County,26089,,
MI,Lenawee County,26091,,
MI,Livingston County,26093,,
MI,Luce County,26095,,
MI,Mackinac County,26097,,
MI,Macomb County,26099,,
MI,Manistee County,26101,,
MI,Marquette County,26103,,
MI,Mason County,26105,,
MI,Mecosta County,26107,,
MI,Menominee County,26109,,
MI,Midland County,26111,,
MI,Missaukee County,26113,,
MI,Monroe County,26115,,
MI,Montcalm County,26117,,
MI,Montmorency County,26119,,
MI,Muskegon County,26121,,
MI,Newaygo County,26123,,
MI,Oakland County,26125,,
MI,Oceana County,26127,,
MI,Ogemaw County,26129,,
MI,Ontonagon County,26131,,
MI,Osceola County,26133,,
MI,Oscoda County,26135,,
MI,Otsego County,26137,,
MI,Ottawa County,26139,,
MI,Presque Isle County,26141,,
MI,Roscommon County,26143,,
MI,Saginaw County,26145,,
MI,St. Clair County,26147,,
MI,St. Joseph County,26149,,
MI,Sanilac County,26151,,
MI,Schoolcraft County,26153,,
MI,Shiawassee County,26155,,
MI,Tuscola County,26157,,
MI,Van Buren County,26159,,
MI,Washtenaw County,26161,,
MI,Wayne County,26163,,
MI,Wexford County,26165,,
MN,Aitkin County,27001,,
MN,Anoka County,27003,,
MN,Becker County,27005,,
MN,Beltrami County,27007,,
MN,Benton County,27009,,
MN,Big Stone County,27011,,
MN,Blue Earth County,27013,,
MN,Brown County,27015,,
MN,Carlton County,27017,,
MN,Carver County,27019,,
MN,Cass County,27021,,
MN,Chippewa County,27023,,
MN,Chisago County,27025,,
MN,Clay County,27027,,
MN,Clearwater County,27029,,
MN,Cook County,27031,,
MN,Cottonwood County,27033,,
MN,Crow Wing County,27035,,
MN,Dakota County,27037,,
MN,Dodge County,27039,,
MN,Douglas County,27041,,
MN,Faribault County,27043,,
MN,Fillmore County,27045,,
MN,Freeborn County,27047,,
MN,Goodhue County,27049,,
MN,Grant County,27051,,
MN,Hennepin County,27053,,
MN,Houston County,27055,,
MN,Hubbard County,27057,,
MN,Isanti County,27059,,
MN,Itasca County,27061,,
MN,Jackson County,27063,,
MN,Kanabec County,27065,,
MN,Kandiyohi County,27067,,
MN,Kittson County,27069,,
MN,Koochiching County,27071,,
MN,Lac qui Parle County,27073,,
MN,Lake County,27075,,
MN,Lake of the Woods County,27077,,
MN,Le Sueur County,27079,,
MN,Lincoln County,27081,,
MN,Lyon County,27083,,
MN,McLeod County,27085,,
MN,Mahnomen County,27087,,
MN,Marshall County,27089,,
MN,Martin County,27091,,
MN,Meeker County,27093,,
MN,Mille Lacs County,27095,,
MN,Morrison County,27097,,
MN,Mower County,27099,,
MN,Murray County,27101,,
MN,Nicollet County,27103,,
MN,Nobles County,27105,,
MN,Norman County,27107,,
MN,Olmsted County,27109,,
MN,Otter Tail County,27111,,
MN,Pennington County,27113,,
MN,Pine County,27115,,
MN,Pipestone County,27117,,
MN,Polk County,27119,,
MN,Pope County,27121,,
MN,Ramsey County,27123,,
MN,Red Lake County,27125,,
MN,Redwood County,27127,,
MN,Renville County,27129,,
MN,Rice County,27131,,
MN,Rock County,27133,,
MN,Roseau County,27135,,
MN,St. Louis County,27137,,
MN,Scott County,27139,,
MN,Sherburne County,27141,,
MN,Sibley County,27143,,
MN,Stearns County,27145,,
MN,Steele County,27147,,
MN,Stevens County,27149,,
MN,Swift County,27151,,
MN,Todd County,27153,,
MN,Traverse County,27155,,
MN,Wabasha County,27157,,
MN,Wadena County,27159,,
MN,Waseca County,27161,,
MN,Washington County,27163,,
MN,Watonwan County,27165,,
MN,Wilkin County,27167,,
MN,Winona County,27169,,
MN,Wright County,27171,,
MN,Yellow Medicine County,27173,,
MS,Adams County,28001,,
MS,Alcorn County,28003,,
MS,Amite County,28005,,
MS,Attala County,28007,,
MS,Benton County,28009,,
MS,Bolivar County,28011,,
MS,Calhoun County,28013,,
MS,Carroll County,28015,,
MS,Chickasaw County,28017,,
MS,Choctaw County,28019,,
MS,Claiborne County,28021,,
MS,Clarke County,28023,,
MS,Clay County,28025,,
MS,Coahoma County,28027,,
MS,Copiah County,28029,,
MS,Covington County,28031,,
MS,DeSoto County,28033,,
MS,Forrest County,28035,,
MS,Franklin County,28037,,
MS,George County,28039,,
MS,Greene County,28041,,
MS,Grenada County,28043,,
MS,Hancock County,28045,,
MS,Harrison County,28047,,
MS,Hinds County,28049,,
MS,Holmes County,28051,,
MS,Humphreys County,28053,,
MS,Issaquena County,28055,,
MS,Itawamba County,28057,,
MS,Jackson County,28059,,
MS,Jasper County,28061,,
MS,Jefferson County,28063,,
MS,Jefferson Davis County,28065,,
MS,Jones County,28067,,
MS,Kemper County,28069,,
MS,Lafayette County,28071,,
MS,Lamar County,28073,,
MS,Lauderdale County,28075,,
MS,Lawrence County,28077,,
MS,Leake County,28079,,
MS,Lee County,28081,,
MS,Leflore County,28083,,
MS,Lincoln County,28085,,
MS,Lowndes County,28087,,
MS,Madison County,28089,,
MS,Marion County,28091,,
MS,Marshall County,28093,,
MS,Monroe County,28095,,
MS,Montgomery County,28097,,
MS,Neshoba County,28099,,
MS,Newton County,28101,,
MS,Noxubee County,28103,,
MS,Oktibbeha County,28105,,
MS,Panola County,28107,,
MS,Pearl River County,28109,,
MS,Perry County,28111,,
MS,Pike County,28113,,
MS,Pontotoc County,28115,,
MS,Prentiss County,28117,,
MS,Quitman County,28119,,
MS,Rankin County,28121,,
MS,Scott County,28123,,
MS,Sharkey County,28125,,
MS,Simpson County,28127,,
MS,Smith County,28129,,
MS,Stone County,28131,,
MS,Sunflower County,28133,,
MS,Tallahatchie County,28135,,
MS,Tate County,28137,,
MS,Tippah County,28139,,
MS,Tishomingo County,28141,,
MS,Tunica County,28143,,
MS,Union County,28145,,
MS,Walthall County,28147,,
MS,Warren County,28149,,
MS,Washington County,28151,,
MS,Wayne County,28153,,
MS,Webster County,28155,,
MS,Wilkinson County,28157,,
MS,Winston County,28159,,
MS,Yalobusha County,28161,,
MS,Yazoo County,28163,,
MO,Adair County,29001,,
MO,Andrew County,29003,,
MO,Atchison County,29005,,
MO,Audrain County,29007,,
MO,Barry County,29009,,
MO,Barton County,29011,,
MO,Bates County,29013,,
MO,Benton County,29015,,
MO,Bollinger County,29017,,
MO,Boone County,29019,,
MO,Buchanan County,29021,,
MO,Butler County,29023,,
MO,Caldwell County,29025,,
MO,Callaway County,29027,,
MO,Camden County,29029,,
MO,Cape Girardeau County,29031,,
MO,Carroll County,29033,,
MO,Carter County,29035,,
MO,Cass County,29037,,
MO,Cedar County,29039,,
MO,Chariton County,29041,,
MO,Christian County,29043,,
MO,Clark County,29045,,
MO,Clay County,29047,,
MO,Clinton County,29049,,
MO,Cole County,29051,,
MO,Cooper County,29053,,
MO,Crawford County,29055,,
MO,Dade County,29057,,
MO,Dallas County,29059,,
MO,Daviess County,29061,,
MO,DeKalb County,29063,,
MO,Dent County,29065,,
MO,Douglas County,29067,,
MO,Dunklin County,29069,,
MO,Franklin County,29071,,
MO,Gasconade County,29073,,
MO,Gentry County,29075,,
MO,Greene County,29077,,
MO,Grundy County,29079,,
MO,Harrison County,29081,,
MO,Henry County,29083,,
MO,Hickory County,29085,,
MO,Holt County,29087,,
MO,Howard County,29089,,
MO,Howell County,29091,,
MO,Iron County,29093,,
MO,Jackson County,29095,,
MO,Jasper County,29097,,
MO,Jefferson County,29099,,
MO,Johnson County,29101,,
MO,Knox County,29103,,
MO,Laclede County,29105,,
MO,Lafayette County,29107,,
MO,Lawrence County,29109,,
MO,Lewis County,29111,,
MO,Lincoln County,29113,,
MO,Linn County,29115,,
MO,Livingston County,29117,,
MO,McDonald County,29119,,
MO,Macon County,29121,,
MO,Madison County,29123,,
MO,Maries County,29125,,
MO,Marion County,29127,,
MO,Mercer County,29129,,
MO,Miller County,29131,,
MO,Mississippi County,29133,,
MO,Moniteau County,29135,,
MO,Monroe County,29137,,
MO,Montgomery County,29139,,
MO,Morgan County,29141,,
MO,New Madrid County,29143,,
MO,Newton County,29145,,
MO,Nodaway County,29147,,
MO,Oregon County,29149,,
MO,Osage County,29151,,
MO,Ozark County,29153,,
MO,Pemiscot County,29155,,
MO,Perry County,29157,,
MO,Pettis County,29159,,
MO,Phelps County,29161,,
MO,Pike County,29163,,
MO,Platte County,29165,,
MO,Polk County,29167,,
MO,Pulaski County,29169,,
MO,Putnam County,29171,,
MO,Ralls County,29173,,
MO,Randolph County,29175,,
MO,Ray County,29177,,
MO,Reynolds County,29179,,
MO,Ripley County,29181,,
MO,St. Charles County,29183,,
MO,St. Clair County,29185,,
MO,Ste. Genevieve County,29186,,
MO,St. Francois County,29187,,
MO,St. Louis County,29189,,
MO,Saline County,29195,,
MO,Schuyler County,29197,,
MO,Scotland County,29199,,
MO,Scott County,29201,,
MO,Shannon County,29203,,
MO,Shelby County,29205,,
MO,Stoddard County,29207,,
MO,Stone County,29209,,
MO,Sullivan County,29211,,
MO,Taney County,29213,,
MO,Texas County,29215,,
MO,Vernon County,29217,,
MO,Warren County,29219,,
MO,Washington County,29221,,
MO,Wayne County,29223,,
MO,Webster County,29225,,
MO,Worth County,29227,,
MO,Wright County,29229,,
MO,St. Louis city,29510,,
MT,Beaverhead County,30001,MT-500,MT-500
MT,Big Horn County,30003,MT-500,MT-500
MT,Blaine County,30005,MT-500,MT-500
MT,Broadwater County,30007,MT-500,MT-500
MT,Carbon County,30009,MT-500,MT-500
MT,Carter County,30011,MT-500,MT-500
MT,Cascade County,30013,MT-500,MT-500
MT,Chouteau County,30015,MT-500,MT-500
MT,Custer County,30017,MT-500,MT-500
MT,Daniels County,30019,MT-500,MT-500
MT,Dawson County,30021,MT-500,MT-500
MT,Deer Lodge County,30023,MT-500,MT-500
MT,Fallon County,30025,MT-500,MT-500
MT,Fergus County,30027,MT-500,MT-500
MT,Flathead County,30029,MT-500,MT-500
MT,Gallatin County,30031,MT-500,MT-500
MT,Garfield County,30033,MT-500,MT-500
MT,Glacier County,30035,MT-500,MT-500
MT,Golden Valley County,30037,MT-500,MT-500
MT,Granite County,30039,MT-500,MT-500
MT,Hill County,30041,MT-500,MT-500
MT,Jefferson County,30043,MT-500,MT-500
MT,Judith Basin County,30045,MT-500,MT-500
MT,Lake County,30047,MT-500,MT-500
MT,Lewis and Clark County,30049,MT-500,MT-500
MT,Liberty County,30051,MT-500,MT-500
MT,Lincoln County,30053,MT-500,MT-500
MT,McCone County,30055,MT-500,MT-500
MT,Madison County,30057,MT-500,MT-500
MT,Meagher County,30059,MT-500,MT-500
MT,Mineral County,30061,MT-500,MT-500
MT,Missoula County,30063,MT-500,MT-500
MT,Musselshell County,30065,MT-500,MT-500
MT,Park County,30067,MT-500,MT-500
MT,Petroleum County,30069,MT-500,MT-500
MT,Phillips County,30071,MT-500,MT-500
MT,Pondera County,30073,MT-500,MT-500
MT,Powder River County,30075,MT-500,MT-500
MT,Powell County,30077,MT-500,MT-500
MT,Prairie County,30079,MT-500,MT-500
MT,Ravalli County,30081,MT-500,MT-500
MT,Richland County,30083,MT-500,MT-500
MT,Roosevelt County,30085,MT-500,MT-500
MT,Rosebud County,30087,MT-500,MT-500
MT,Sanders County,30089,MT-500,MT-500
MT,Sheridan County,30091,MT-500,MT-500
MT,Silver Bow County,30093,MT-500,MT-500
MT,Stillwater County,30095,MT-500,MT-500
MT,Sweet Grass County,30097,MT-500,MT-500
MT,Teton County,30099,MT-500,MT-500
MT,Toole County,30101,MT-500,MT-500
MT,Treasure County,30103,MT-500,MT-500
MT,Valley County,30105,MT-500,MT-500
MT,Wheatland County,30107,MT-500,MT-500
MT,Wibaux County,30109,MT-500,MT-500
MT,Yellowstone County,30111,MT-500,MT-500
NE,Adams County,31001,,
NE,Antelope County,31003,,
NE,Arthur County,31005,,
NE,Banner County,31007,,
NE,Blaine County,31009,,
NE,Boone County,31011,,
NE,Box Butte County,31013,,
NE,Boyd County,31015,,
NE,Brown County,31017,,
NE,Buffalo County,31019,,
NE,Burt County,31021,,
NE,Butler County,31023,,
NE,Cass County,31025,,
NE,Cedar County,31027,,
NE,Chase County,31029,,
NE,Cherry County,31031,,
NE,Cheyenne County,31033,,
NE,Clay County,31035,,
NE,Colfax County,31037,,
NE,Cuming County,31039,,
NE,Custer County,31041,,
NE,Dakota County,31043,,
NE,Dawes County,31045,,
NE,Dawson County,31047,,
NE,Deuel County,31049,,
NE,Dixon County,31051,,
NE,Dodge County,31053,,
NE,Douglas County,31055,,
NE,Dundy County,31057,,
NE,Fillmore County,31059,,
NE,Franklin County,31061,,
NE,Frontier County,31063,,
NE,Furnas County,31065,,
NE,Gage County,31067,,
NE,Garden County,31069,,
NE,Garfield County,31071,,
NE,Gosper County,31073,,
NE,Grant County,31075,,
NE,Greeley County,31077,,
NE,Hall County,31079,,
NE,Hamilton County,31081,,
NE,Harlan County,31083,,
NE,Hayes County,31085,,
NE,Hitchcock County,31087,,
NE,Holt County,31089,,
NE,Hooker County,31091,,
NE,Howard County,31093,,
NE,Jefferson County,31095,,
NE,Johnson County,31097,,
NE,Kearney County,31099,,
NE,Keith County,31101,,
NE,Keya Paha County,31103,,
NE,Kimball County,31105,,
NE,Knox County,31107,,
NE,Lancaster County,31109,,
NE,Lincoln County,31111,,
NE,Logan County,31113,,
NE,Loup County,31115,,
NE,McPherson County,31117,,
NE,Madison County,31119,,
NE,Merrick County,31121,,
NE,Morrill County,31123,,
NE,Nance County,31125,,
NE,Nemaha County,31127,,
NE,Nuckolls County,31129,,
NE,Otoe County,31131,,
NE,Pawnee County,31133,,
NE,Perkins County,31135,,
NE,Phelps County,31137,,
NE,Pierce County,31139,,
NE,Platte County,31141,,
NE,Polk County,31143,,
NE,Red Willow County,31145,,
NE,Richardson County,31147,,
NE,Rock County,31149,,
NE,Saline County,31151,,
NE,Sarpy County,31153,,
NE,Saunders County,31155,,
NE,Scotts Bluff County,31157,,
NE,Seward County,31159,,
NE,Sheridan County,31161,,
NE,Sherman County,31163,,
NE,Sioux County,31165,,
NE,Stanton County,31167,,
NE,Thayer County,31169,,
NE,Thomas County,31171,,
NE,Thurston County,31173,,
NE,Valley County,31175,,
NE,Washington County,31177,,
NE,Wayne County,31179,,
NE,Webster County,31181,,
NE,Wheeler County,31183,,
NE,York County,31185,,
NV,Churchill County,32001,NV-502,NV-502
NV,Clark County,32003,NV-500,NV-500
NV,Douglas County,32005,NV-502,NV-502
NV,Elko County,32007,NV-502,NV-502
NV,Esmeralda County,32009,NV-502,NV-502
NV,Eureka County,32011,NV-502,NV-502
NV,Humboldt County,32013,NV-502,NV-502
NV,Lander County,32015,NV-502,NV-502
NV,Lincoln County,32017,NV-502,NV-502
NV,Lyon County,32019,NV-502,NV-502
NV,Mineral County,32021,NV-502,NV-502
NV,Nye County,32023,NV-502,NV-502
NV,Pershing County,32027,NV-502,NV-502
NV,Storey County,32029,NV-502,NV-502
NV,Washoe County,32031,NV-501,NV-501
NV,White Pine County,32033,NV-502,NV-502
NV,Carson City,32510,NV-502,NV-502
NH,Belknap County,33001,,
NH,Carroll County,33003,,
NH,Cheshire County,33005,,
NH,Coos County,33007,,
NH,Grafton County,33009,,
NH,Hillsborough County,33011,,
NH,Merrimack County,33013,,
NH,Rockingham County,33015,,
NH,Strafford County,33017,,
NH,Sullivan County,33019,,
NJ,Atlantic County,34001,,
NJ,Bergen County,34003,,
NJ,Burlington County,34005,,
NJ,Camden County,34007,,
NJ,Cape May County,34009,,
NJ,Cumberland County,34011,,
NJ,Essex County,34013,,
NJ,Gloucester County,34015,,
NJ,Hudson County,34017,,
NJ,Hunterdon County,34019,,
NJ,Mercer County,34021,,
NJ,Middlesex County,34023,,
NJ,Monmouth County,34025,,
NJ,Morris County,34027,,
NJ,Ocean County,34029,,
NJ,Passaic County,34031,,
NJ,Salem County,34033,,
NJ,Somerset County,34035,,
NJ,Sussex County,34037,,
NJ,Union County,34039,,
NJ,Warren County,34041,,
NM,Bernalillo County,35001,NM-500,NM-500
NM,Catron County,35003,NM-501,NM-501
NM,Chaves County,35005,NM-501,NM-501
NM,Cibola County,35006,NM-501,NM-501
NM,Colfax County,35007,NM-501,NM-501
NM,Curry County,35009,NM-501,NM-501
NM,De Baca County,35011,NM-501,NM-501
NM,Doña Ana County,35013,NM-501,NM-501
NM,Eddy County,35015,NM-501,NM-501
NM,Grant County,35017,NM-501,NM-501
NM,Guadalupe County,35019,NM-501,NM-501
NM,Harding County,35021,NM-501,NM-501
NM,Hidalgo County,35023,NM-501,NM-501
NM,Lea County,35025,NM-501,NM-501
NM,Lincoln County,35027,NM-501,NM-501
NM,Los Alamos County,35028,NM-501,NM-501
NM,Luna County,35029,NM-501,NM-501
NM,McKinley County,35031,NM-501,NM-501
NM,Mora County,35033,NM-501,NM-501
NM,Otero County,35035,NM-501,NM-501
NM,Quay County,35037,NM-501,NM-501
NM,Rio Arriba County,35039,NM-501,NM-501
NM,Roosevelt County,35041,NM-501,NM-501
NM,Sandoval County,35043,NM-501,NM-501
NM,San Juan County,35045,NM-501,NM-501
NM,San Miguel County,35047,NM-501,NM-501
NM,Santa Fe County,35049,NM-501,NM-501
NM,Sierra County,35051,NM-501,NM-501
NM,Socorro County,35053,NM-501,NM-501
NM,Taos County,35055,NM-501,NM-501
NM,Torrance County,35057,NM-501,NM-501
NM,Union County,35059,NM-501,NM-501
NM,Valencia County,35061,NM-501,NM-501
NY,Albany County,36001,,
NY,Allegany County,36003,,
NY,Bronx County,36005,,
NY,Broome County,36007,,
NY,Cattaraugus County,36009,,
NY,Cayuga County,36011,,
NY,Chautauqua County,36013,,
NY,Chemung County,36015,,
NY,Chenango County,36017,,
NY,Clinton County,36019,,
NY,Columbia County,36021,,
NY,Cortland County,36023,,
NY,Delaware County,36025,,
NY,Dutchess County,36027,,
NY,Erie County,36029,,
NY,Essex County,36031,,
NY,Franklin County,36033,,
NY,Fulton County,36035,,
NY,Genesee County,36037,,
NY,Greene County,36039,,
NY,Hamilton County,36041,,
NY,Herkimer County,36043,,
NY,Jefferson County,36045,,
NY,Kings County,36047,,
NY,Lewis County,36049,,
NY,Livingston County,36051,,
NY,Madison County,36053,,
NY,Monroe County,36055,,
NY,Montgomery County,36057,,
NY,Nassau County,36059,,
NY,New York County,36061,,
NY,Niagara County,36063,,
NY,Oneida County,36065,,
NY,Onondaga County,36067,,
NY,Ontario County,36069,,
NY,Orange County,36071,,
NY,Orleans County,36073,,
NY,Oswego County,36075,,
NY,Otsego County,36077,,
NY,Putnam County,36079,,
NY,Queens County,36081,,
NY,Rensselaer County,36083,,
NY,Richmond County,36085,,
NY,Rockland County,36087,,
NY,St. Lawrence County,36089,,
NY,Saratoga County,36091,,
NY,Schenectady County,36093,,
NY,Schoharie County,36095,,
NY,Schuyler County,36097,,
NY,Seneca County,36099,,
NY,Steuben County,36101,,
NY,Suffolk County,36103,,
NY,Sullivan County,36105,,
NY,Tioga County,36107,,
NY,Tompkins County,36109,,
NY,Ulster County,36111,,
NY,Warren County,36113,,
NY,Washington County,36115,,
NY,Wayne County,36117,,
NY,Westchester County,36119,,
NY,Wyoming County,36121,,
NY,Yates County,36123,,
NC,Alamance County,37001,NC-503,Region 6
NC,Alexander County,37003,NC-503,Region 3
NC,Alleghany County,37005,NC-516,NC-516
NC,Anson County,37007,NC-503,Region 7
NC,Ashe County,37009,NC-516,NC-516
NC,Avery County,37011,NC-516,NC-516
NC,Beaufort County,37013,NC-503,Region 12
NC,Bertie County,37015,NC-503,Region 12
NC,Bladen County,37017,NC-503,Region 8
NC,Brunswick County,37019,NC-506,NC-506
NC,Buncombe County,37021,NC-501,NC-501
NC,Burke County,37023,NC-503,Region 3
NC,Cabarrus County,37025,NC-503,Region 5
NC,Caldwell County,37027,NC-503,Region 3
NC,Camden County,37029,NC-503,Region 11
NC,Carteret County,37031,NC-503,Region 13
NC,Caswell County,37033,NC-503,Region 6
NC,Catawba County,37035,NC-503,Region 3
NC,Chatham County,37037,NC-503,Region 6
NC,Cherokee County,37039,NC-503,Region 1
NC,Chowan County,37041,NC-503,Region 11
NC,Clay County,37043,NC-503,Region 1
NC,Cleveland County,37045,NC-509,NC-509
NC,Columbus County,37047,NC-503,Region 8
NC,Craven County,37049,NC-503,Region 13
NC,Cumberland County,37051,NC-511,NC-511
NC,Currituck County,37053,NC-503,Region 11
NC,Dare County,37055,NC-503,Region 11
NC,Davidson County,37057,NC-503,Region 5
NC,Davie County,37059,NC-503,Region 4
NC,Duplin County,37061,NC-503,Region 10
NC,Durham County,37063,NC-502,NC-502
NC,Edgecombe County,37065,NC-503,Region 9
NC,Forsyth County,37067,NC-500,NC-500
NC,Franklin County,37069,NC-503,Region 9
NC,Gaston County,37071,NC-509,NC-509
NC,Gates County,37073,NC-503,Region 11
NC,Graham County,37075,NC-503,Region 1
NC,Granville County,37077,NC-503,Region 9
NC,Greene County,37079,NC-503,Region 10
NC,Guilford County,37081,NC-504,NC-504
NC,Halifax County,37083,NC-503,Region 9
NC,Harnett County,37085,NC-503,Region 7
NC,Haywood County,37087,NC-503,Region 1
NC,Henderson County,37089,NC-503,Region 2
NC,Hertford County,37091,NC-503,Region 11
NC,Hoke County,37093,NC-503,Region 7
NC,Hyde County,37095,NC-503,Region 11
NC,Iredell County,37097,NC-503,Region 4
NC,Jackson County,37099,NC-503,Region 1
NC,Johnston County,37101,NC-503,Region 7
NC,Jones County,37103,NC-503,Region 13
NC,Lee County,37105,NC-503,Region 7
NC,Lenoir County,37107,NC-503,Region 10
NC,Lincoln County,37109,NC-509,NC-509
NC,McDowell County,37111,NC-503,Region 3
NC,Macon County,37113,NC-503,Region 1
NC,Madison County,37115,NC-503,Region 1
NC,Martin County,37117,NC-503,Region 12
NC,Mecklenburg County,37119,NC-505,NC-505
NC,Mitchell County,37121,NC-516,NC-516
NC,Montgomery County,37123,NC-503,Region 7
NC,Moore County,37125,NC-503,Region 7
NC,Nash County,37127,NC-503,Region 9
NC,New Hanover County,37129,NC-506,NC-506
NC,Northampton County,37131,NC-503,Region 9
NC,Onslow County,37133,NC-503,Region 13
NC,Orange County,37135,NC-513,NC-513
NC,Pamlico County,37137,NC-503,Region 13
NC,Pasquotank County,37139,NC-503,Region 11
NC,Pender County,37141,NC-506,NC-506
NC,Perquimans County,37143,NC-503,Region 11
NC,Person County,37145,NC-503,Region 6
NC,Pitt County,37147,NC-503,Region 12
NC,Polk County,37149,NC-503,Region 2
NC,Randolph County,37151,NC-503,Region 7
NC,Richmond County,37153,NC-503,Region 7
NC,Robeson County,37155,NC-503,Region 8
NC,Rockingham County,37157,NC-503,Region 6
NC,Rowan County,37159,NC-503,Region 5
NC,Rutherford County,37161,NC-503,Region 2
NC,Sampson County,37163,NC-503,Region 10
NC,Scotland County,37165,NC-503,Region 8
NC,Stanly County,37167,NC-503,Region 5
NC,Stokes County,37169,NC-503,Region 4
NC,Surry County,37171,NC-503,Region 4
NC,Swain County,37173,NC-503,Region 1
NC,Transylvania County,37175,NC-503,Region 2
NC,Tyrrell County,37177,NC-503,Region 11
NC,Union County,37179,NC-503,Region 5
NC,Vance County,37181,NC-503,Region 9
NC,Wake County,37183,NC-507,NC-507
NC,Warren County,37185,NC-503,Region 9
NC,Washington County,37187,NC-503,Region 12
NC,Watauga County,37189,NC-516,NC-516
NC,Wayne County,37191,NC-503,Region 10
NC,Wilkes County,37193,NC-516,NC-516
NC,Wilson County,37195,NC-503,Region 10
NC,Yadkin County,37197,NC-503,Region 4
NC,Yancey County,37199,NC-516,NC-516
ND,Adams County,38001,ND-500,ND-500
ND,Barnes County,38003,ND-500,ND-500
ND,Benson County,38005,ND-500,ND-500
ND,Billings County,38007,ND-500,ND-500
ND,Bottineau County,38009,ND-500,ND-500
ND,Bowman County,38011,ND-500,ND-500
ND,Burke County,38013,ND-500,ND-500
ND,Burleigh County,38015,ND-500,ND-500
ND,Cass County,38017,ND-500,ND-500
ND,Cavalier County,38019,ND-500,ND-500
ND,Dickey County,38021,ND-500,ND-500
ND,Divide County,38023,ND-500,ND-500
ND,Dunn County,38025,ND-500,ND-500
ND,Eddy County,38027,ND-500,ND-500
ND,Emmons County,38029,ND-500,ND-500
ND,Foster County,38031,ND-500,ND-500
ND,Golden Valley County,38033,ND-500,ND-500
ND,Grand Forks County,38035,ND-500,ND-500
ND,Grant County,38037,ND-500,ND-500
ND,Griggs County,38039,ND-500,ND-500
ND,Hettinger County,38041,ND-500,ND-500
ND,Kidder County,38043,ND-500,ND-500
ND,LaMoure County,38045,ND-500,ND-500
ND,Logan County,38047,ND-500,ND-500
ND,McHenry County,38049,ND-500,ND-500
ND,McIntosh County,38051,ND-500,ND-500
ND,McKenzie County,38053,ND-500,ND-500
ND,McLean County,38055,ND-500,ND-500
ND,Mercer County,38057,ND-500,ND-500
ND,Morton County,38059,ND-500,ND-500
ND,Mountrail County,38061,ND-500,ND-500
ND,Nelson County,38063,ND-500,ND-500
ND,Oliver County,38065,ND-500,ND-500
ND,Pembina County,38067,ND-500,ND-500
ND,Pierce County,38069,ND-500,ND-500
ND,Ramsey County,38071,ND-500,ND-500
ND,Ransom County,38073,ND-500,ND-500
ND,Renville County,38075,ND-500,ND-500
ND,Richland County,38077,ND-500,ND-500
ND,Rolette County,38079,ND-500,ND-500
ND,Sargent County,38081,ND-500,ND-500
ND,Sheridan County,38083,ND-500,ND-500
ND,Sioux County,38085,ND-500,ND-500
ND,Slope County,38087,ND-500,ND-500
ND,Stark County,38089,ND-500,ND-500
ND,Steele County,38091,ND-500,ND-500
ND,Stutsman County,38093,ND-500,ND-500
ND,Towner County,38095,ND-500,ND-500
ND,Traill County,38097,ND-500,ND-500
ND,Walsh County,38099,ND-500,ND-500
ND,Ward County,38101,ND-500,ND-500
ND,Wells County,38103,ND-500,ND-500
ND,Williams County,38105,ND-500,ND-500
OH,Adams County,39001,,
OH,Allen County,39003,,
OH,Ashland County,39005,,
OH,Ashtabula County,39007,,
OH,Athens County,39009,,
OH,Auglaize County,39011,,
OH,Belmont County,39013,,
OH,Brown County,39015,,
OH,Butler County,39017,,
OH,Carroll County,39019,,
OH,Champaign County,39021,,
OH,Clark County,39023,,
OH,Clermont County,39025,,
OH,Clinton County,39027,,
OH,Columbiana County,39029,,
OH,Coshocton County,39031,,
OH,Crawford County,39033,,
OH,Cuyahoga County,39035,,
OH,Darke County,39037,,
OH,Defiance County,39039,,
OH,Delaware County,39041,,
OH,Erie County,39043,,
OH,Fairfield County,39045,,
OH,Fayette County,39047,,
OH,Franklin County,39049,,
OH,Fulton County,39051,,
OH,Gallia County,39053,,
OH,Geauga County,39055,,
OH,Greene County,39057,,
OH,Guernsey County,39059,,
OH,Hamilton County,39061,,
OH,Hancock County,39063,,
OH,Hardin County,39065,,
OH,Harrison County,39067,,
OH,Henry County,39069,,
OH,Highland County,39071,,
OH,Hocking County,39073,,
OH,Holmes County,39075,,
OH,Huron County,39077,,
OH,Jackson County,39079,,
OH,Jefferson County,39081,,
OH,Knox County,39083,,
OH,Lake County,39085,,
OH,Lawrence County,39087,,
OH,Licking County,39089,,
OH,Logan County,39091,,
OH,Lorain County,39093,,
OH,Lucas County,39095,,
OH,Madison County,39097,,
OH,Mahoning County,39099,,
OH,Marion County,39101,,
OH,Medina County,39103,,
OH,Meigs County,39105,,
OH,Mercer County,39107,,
OH,Miami County,39109,,
OH,Monroe County,39111,,
OH,Montgomery County,39113,,
OH,Morgan County,39115,,
OH,Morrow County,39117,,
OH,Muskingum County,39119,,
OH,Noble County,39121,,
OH,Ottawa County,39123,,
OH,Paulding County,39125,,
OH,Perry County,39127,,
OH,Pickaway County,39129,,
OH,Pike County,39131,,
OH,Portage County,39133,,
OH,Preble County,39135,,
OH,Putnam County,39137,,
OH,Richland County,39139,,
OH,Ross County,39141,,
OH,Sandusky County,39143,,
OH,Scioto County,39145,,
OH,Seneca County,39147,,
OH,Shelby County,39149,,
OH,Stark County,39151,,
OH,Summit County,39153,,
OH,Trumbull County,39155,,
OH,Tuscarawas County,39157,,
OH,Union County,39159,,
OH,Van Wert County,39161,,
OH,Vinton County,39163,,
OH,Warren County,39165,,
OH,Washington County,39167,,
OH,Wayne County,39169,,
OH,Williams County,39171,,
OH,Wood County,39173,,
OH,Wyandot County,39175,,
OK,Adair County,40001,,
OK,Alfalfa County,40003,,
OK,Atoka County,40005,,
OK,Beaver County,40007,,
OK,Beckham County,40009,,
OK,Blaine County,40011,,
OK,Bryan County,40013,,
OK,Caddo County,40015,,
OK,Canadian County,40017,,
OK,Carter County,40019,,
OK,Cherokee County,40021,,
OK,Choctaw County,40023,,
OK,Cimarron County,40025,,
OK,Cleveland County,40027,,
OK,Coal County,40029,,
OK,Comanche County,40031,,
OK,Cotton County,40033,,
OK,Craig County,40035,,
OK,Creek County,40037,,
OK,Custer County,40039,,
OK,Delaware County,40041,,
OK,Dewey County,40043,,
OK,Ellis County,40045,,
OK,Garfield County,40047,,
OK,Garvin County,40049,,
OK,Grady County,40051,,
OK,Grant County,40053,,
OK,Greer County,40055,,
OK,Harmon County,40057,,
OK,Harper County,40059,,
OK,Haskell County,40061,,
OK,Hughes County,40063,,
OK,Jackson County,40065,,
OK,Jefferson County,40067,,
OK,Johnston County,40069,,
OK,Kay County,40071,,
OK,Kingfisher County,40073,,
OK,Kiowa County,40075,,
OK,Latimer County,40077,,
OK,Le Flore County,40079,,
OK,Lincoln County,40081,,
OK,Logan County,40083,,
OK,Love County,40085,,
OK,McClain County,40087,,
OK,McCurtain County,40089,,
OK,McIntosh County,40091,,
OK,Major County,40093,,
OK,Marshall County,40095,,
OK,Mayes County,40097,,
OK,Murray County,40099,,
OK,Muskogee County,40101,,
OK,Noble County,40103,,
OK,Nowata County,40105,,
OK,Okfuskee County,40107,,
OK,Oklahoma County,40109,,
OK,Okmulgee County,40111,,
OK,Osage County,40113,,
OK,Ottawa County,40115,,
OK,Pawnee County,40117,,
OK,Payne County,40119,,
OK,Pittsburg County,40121,,
OK,Pontotoc County,40123,,
OK,Pottawatomie County,40125,,
OK,Pushmataha County,40127,,
OK,Roger Mills County,40129,,
OK,Rogers County,40131,,
OK,Seminole County,40133,,
OK,Sequoyah County,40135,,
OK,Stephens County,40137,,
OK,Texas County,40139,,
OK,Tillman County,40141,,
OK,Tulsa County,40143,,
OK,Wagoner County,40145,,
OK,Washington County,40147,,
OK,Washita County,40149,,
OK,Woods County,40151,,
OK,Woodward County,40153,,
OR,Baker County,41001,,
OR,Benton County,41003,,
OR,Clackamas County,41005,,
OR,Clatsop County,41007,,
OR,Columbia County,41009,,
OR,Coos County,41011,,
OR,Crook County,41013,,
OR,Curry County,41015,,
OR,Deschutes County,41017,,
OR,Douglas County,41019,,
OR,Gilliam County,41021,,
OR,Grant County,41023,,
OR,Harney County,41025,,
OR,Hood River County,41027,,
OR,Jackson County,41029,,
OR,Jefferson County,41031,,
OR,Josephine County,41033,,
OR,Klamath County,41035,,
OR,Lake County,41037,,
OR,Lane County,41039,,
OR,Lincoln County,41041,,
OR,Linn County,41043,,
OR,Malheur County,41045,,
OR,Marion County,41047,,
OR,Morrow County,41049,,
OR,Multnomah County,41051,,
OR,Polk County,41053,,
OR,Sherman County,41055,,
OR,Tillamook County,41057,,
OR,Umatilla County,41059,,
OR,Union County,41061,,
OR,Wallowa County,41063,,
OR,Wasco County,41065,,
OR,Washington County,41067,,
OR,Wheeler County,41069,,
OR,Yamhill County,41071,,
PA,Adams County,42001,,
PA,Allegheny County,42003,,
PA,Armstrong County,42005,,
PA,Beaver County,42007,,
PA,Bedford County,42009,,
PA,Berks County,42011,,
PA,Blair County,42013,,
PA,Bradford County,42015,,
PA,Bucks County,42017,,
PA,Butler County,42019,,
PA,Cambria County,42021,,
PA,Cameron County,42023,,
PA,Carbon County,42025,,
PA,Centre County,42027,,
PA,Chester County,42029,,
PA,Clarion County,42031,,
PA,Clearfield County,42033,,
PA,Clinton County,42035,,
PA,Columbia County,42037,,
PA,Crawford County,42039,,
PA,Cumberland County,42041,,
PA,Dauphin County,42043,,
PA,Delaware County,42045,,
PA,Elk County,42047,,
PA,Erie County,42049,,
PA,Fayette County,42051,,
PA,Forest County,42053,,
PA,Franklin County,42055,,
PA,Fulton County,42057,,
PA,Greene County,42059,,
PA,Huntingdon County,42061,,
PA,Indiana County,42063,,
PA,Jefferson County,42065,,
PA,Juniata County,42067,,
PA,Lackawanna County,42069,,
PA,Lancaster County,42071,,
PA,Lawrence County,42073,,
PA,Lebanon County,42075,,
PA,Lehigh County,42077,,
PA,Luzerne County,42079,,
PA,Lycoming County,42081,,
PA,McKean County,42083,,
PA,Mercer County,42085,,
PA,Mifflin County,42087,,
PA,Monroe County,42089,,
PA,Montgomery County,42091,,
PA,Montour County,42093,,
PA,Northampton County,42095,,
PA,Northumberland County,42097,,
PA,Perry County,42099,,
PA,Philadelphia County,42101,,
PA,Pike County,42103,,
PA,Potter County,42105,,
PA,Schuylkill County,42107,,
PA,Snyder County,42109,,
PA,Somerset County,42111,,
PA,Sullivan County,42113,,
PA,Susquehanna County,42115,,
PA,Tioga County,42117,,
PA,Union County,42119,,
PA,Venango County,42121,,
PA,Warren County,42123,,
PA,Washington County,42125,,
PA,Wayne County,42127,,
PA,Westmoreland County,42129,,
PA,Wyoming County,42131,,
PA,York County,42133,,
RI,Bristol County,44001,,
RI,Kent County,44003,,
RI,Newport County,44005,,
RI,Providence County,44007,,
RI,Washington County,44009,,
SC,Abbeville County,45001,,
SC,Aiken County,45003,,
SC,Allendale County,45005,,
SC,Anderson County,45007,,
SC,Bamberg County,45009,,
SC,Barnwell County,45011,,
SC,Beaufort County,45013,,
SC,Berkeley County,45015,,
SC,Calhoun County,45017,,
SC,Charleston County,45019,,
SC,Cherokee County,45021,,
SC,Chester County,45023,,
SC,Chesterfield County,45025,,
SC,Clarendon County,45027,,
SC,Colleton County,45029,,
SC,Darlington County,45031,,
SC,Dillon County,45033,,
SC,Dorchester County,45035,,
SC,Edgefield County,45037,,
SC,Fairfield County,45039,,
SC,Florence County,45041,,
SC,Georgetown County,45043,,
SC,Greenville County,45045,,
SC,Greenwood County,45047,,
SC,Hampton County,45049,,
SC,Horry County,45051,,
SC,Jasper County,45053,,
SC,Kershaw County,45055,,
SC,Lancaster County,45057,,
SC,Laurens County,45059,,
SC,Lee County,45061,,
SC,Lexington County,45063,,
SC,McCormick County,45065,,
SC,Marion County,45067,,
SC,Marlboro County,45069,,
SC,Newberry County,45071,,
SC,Oconee County,45073,,
SC,Orangeburg County,45075,,
SC,Pickens County,45077,,
SC,Richland County,45079,,
SC,Saluda County,45081,,
SC,Spartanburg County,45083,,
SC,Sumter County,45085,,
SC,Union County,45087,,
SC,Williamsburg County,45089,,
SC,York County,45091,,
SD,Aurora County,46003,SD-500,SD-500
SD,Beadle County,46005,SD-500,SD-500
SD,Bennett County,46007,SD-500,SD-500
SD,Bon Homme County,46009,SD-500,SD-500
SD,Brookings County,46011,SD-500,SD-500
SD,Brown County,46013,SD-500,SD-500
SD,Brule County,46015,SD-500,SD-500
SD,Buffalo County,46017,SD-500,SD-500
SD,Butte County,46019,SD-500,SD-500
SD,Campbell County,46021,SD-500,SD-500
SD,Charles Mix County,46023,SD-500,SD-500
SD,Clark County,46025,SD-500,SD-500
SD,Clay County,46027,SD-500,SD-500
SD,Codington County,46029,SD-500,SD-500
SD,Corson County,46031,SD-500,SD-500
SD,Custer County,46033,SD-500,SD-500
SD,Davison County,46035,SD-500,SD-500
SD,Day County,46037,SD-500,SD-500
SD,Deuel County,46039,SD-500,SD-500
SD,Dewey County,46041,SD-500,SD-500
SD,Douglas County,46043,SD-500,SD-500
SD,Edmunds County,46045,SD-500,SD-500
SD,Fall River County,46047,SD-500,SD-500
SD,Faulk County,46049,SD-500,SD-500
SD,Grant County,46051,SD-500,SD-500
SD,Gregory County,46053,SD-500,SD-500
SD,Haakon County,46055,SD-500,SD-500
SD,Hamlin County,46057,SD-500,SD-500
SD,Hand County,46059,SD-500,SD-500
SD,Hanson County,46061,SD-500,SD-500
SD,Harding County,46063,SD-500,SD-500
SD,Hughes County,46065,SD-500,SD-500
SD,Hutchinson County,46067,SD-500,SD-500
SD,Hyde County,46069,SD-500,SD-500
SD,Jackson County,46071,SD-500,SD-500
SD,Jerauld County,46073,SD-500,SD-500
SD,Jones County,46075,SD-500,SD-500
SD,Kingsbury County,46077,SD-500,SD-500
SD,Lake County,46079,SD-500,SD-500
SD,Lawrence County,46081,SD-500,SD-500
SD,Lincoln County,46083,SD-500,SD-500
SD,Lyman County,46085,SD-500,SD-500
SD,McCook County,46087,SD-500,SD-500
SD,McPherson County,46089,SD-500,SD-500
SD,Marshall County,46091,SD-500,SD-500
SD,Meade County,46093,SD-500,SD-500
SD,Mellette County,46095,SD-500,SD-500
SD,Miner County,46097,SD-500,SD-500
SD,Minnehaha County,46099,SD-500,SD-500
SD,Moody County,46101,SD-500,SD-500
SD,Pennington County,46103,SD-500,SD-500
SD,Perkins County,46105,SD-500,SD-500
SD,Potter County,46107,SD-500,SD-500
SD,Roberts County,46109,SD-500,SD-500
SD,Sanborn County,46111,SD-500,SD-500
SD,Spink County,46115,SD-500,SD-500
SD,Stanley County,46117,SD-500,SD-500
SD,Sully County,46119,SD-500,SD-500
SD,Todd County,46121,SD-500,SD-500
SD,Tripp County,46123,SD-500,SD-500
SD,Turner County,46125,SD-500,SD-500
SD,Union County,46127,SD-500,SD-500
SD,Walworth County,46129,SD-500,SD-500
SD,Yankton County,46135,SD-500,SD-500
SD,Ziebach County,46137,SD-500,SD-500
TN,Anderson County,47001,,
TN,Bedford County,47003,,
TN,Benton County,47005,,
TN,Bledsoe County,47007,,
TN,Blount County,47009,,
TN,Bradley County,47011,,
TN,Campbell County,47013,,
TN,Cannon County,47015,,
TN,Carroll County,47017,,
TN,Carter County,47019,,
TN,Cheatham County,47021,,
TN,Chester County,47023,,
TN,Claiborne County,47025,,
TN,Clay County,47027,,
TN,Cocke County,47029,,
TN,Coffee County,47031,,
TN,Crockett County,47033,,
TN,Cumberland County,47035,,
TN,Davidson County,47037,,
TN,Decatur County,47039,,
TN,DeKalb County,47041,,
TN,Dickson County,47043,,
TN,Dyer County,47045,,
TN,Fayette County,47047,,
TN,Fentress County,47049,,
TN,Franklin County,47051,,
TN,Gibson County,47053,,
TN,Giles County,47055,,
TN,Grainger County,47057,,
TN,Greene County,47059,,
TN,Grundy County,47061,,
TN,Hamblen County,47063,,
TN,Hamilton County,47065,,
TN,Hancock County,47067,,
TN,Hardeman County,47069,,
TN,Hardin County,47071,,
TN,Hawkins County,47073,,
TN,Haywood County,47075,,
TN,Henderson County,47077,,
TN,Henry County,47079,,
TN,Hickman County,47081,,
TN,Houston County,47083,,
TN,Humphreys County,47085,,
TN,Jackson County,47087,,
TN,Jefferson County,47089,,
TN,Johnson County,47091,,
TN,Knox County,47093,,
TN,Lake County,47095,,
TN,Lauderdale County,47097,,
TN,Lawrence County,47099,,
TN,Lewis County,47101,,
TN,Lincoln County,47103,,
TN,Loudon County,47105,,
TN,McMinn County,47107,,
TN,McNairy County,47109,,
TN,Macon County,47111,,
TN,Madison County,47113,,
TN,Marion County,47115,,
TN,Marshall County,47117,,
TN,Maury County,47119,,
TN,Meigs County,47121,,
TN,Monroe County,47123,,
TN,Montgomery County,47125,,
TN,Moore County,47127,,
TN,Morgan County,47129,,
TN,Obion County,47131,,
TN,Overton County,47133,,
TN,Perry County,47135,,
TN,Pickett County,47137,,
TN,Polk County,47139,,
TN,Putnam County,47141,,
TN,Rhea County,47143,,
TN,Roane County,47145,,
TN,Robertson County,47147,,
TN,Rutherford County,47149,,
TN,Scott County,47151,,
TN,Sequatchie County,47153,,
TN,Sevier County,47155,,
TN,Shelby County,47157,,
TN,Smith County,47159,,
TN,Stewart County,47161,,
TN,Sullivan County,47163,,
TN,Sumner County,47165,,
TN,Tipton County,47167,,
TN,Trousdale County,47169,,
TN,Unicoi County,47171,,
TN,Union County,47173,,
TN,Van Buren County,47175,,
TN,Warren County,47177,,
TN,Washington County,47179,,
TN,Wayne County,47181,,
TN,Weakley County,47183,,
TN,White County,47185,,
TN,Williamson County,47187,,
TN,Wilson County,47189,,
TX,Anderson County,48001,,
TX,Andrews County,48003,,
TX,Angelina County,48005,,
TX,Aransas County,48007,,
TX,Archer County,48009,,
TX,Armstrong County,48011,,
TX,Atascosa County,48013,,
TX,Austin County,48015,,
TX,Bailey County,48017,,
TX,Bandera County,48019,,
TX,Bastrop County,48021,,
TX,Baylor County,48023,,
TX,Bee County,48025,,
TX,Bell County,48027,,
TX,Bexar County,48029,,
TX,Blanco County,48031,,
TX,Borden County,48033,,
TX,Bosque County,48035,,
TX,Bowie County,48037,,
TX,Brazoria County,48039,,
TX,Brazos County,48041,,
TX,Brewster County,48043,,
TX,Briscoe County,48045,,
TX,Brooks County,48047,,
TX,Brown County,48049,,
TX,Burleson County,48051,,
TX,Burnet County,48053,,
TX,Caldwell County,48055,,
TX,Calhoun County,48057,,
TX,Callahan County,48059,,
TX,Cameron County,48061,,
TX,Camp County,48063,,
TX,Carson County,48065,,
TX,Cass County,48067,,
TX,Castro County,48069,,
TX,Chambers County,48071,,
TX,Cherokee County,48073,,
TX,Childress County,48075,,
TX,Clay County,48077,,
TX,Cochran County,48079,,
TX,Coke County,48081,,
TX,Coleman County,48083,,
TX,Collin County,48085,,
TX,Collingsworth County,48087,,
TX,Colorado County,48089,,
TX,Comal County,48091,,
TX,Comanche County,48093,,
TX,Concho County,48095,,
TX,Cooke County,48097,,
TX,Coryell County,48099,,
TX,Cottle County,48101,,
TX,Crane County,48103,,
TX,Crockett County,48105,,
TX,Crosby County,48107,,
TX,Culberson County,48109,,
TX,Dallam County,48111,,
TX,Dallas County,48113,,
TX,Dawson County,48115,,
TX,Deaf Smith County,48117,,
TX,Delta County,48119,,
TX,Denton County,48121,,
TX,DeWitt County,48123,,
TX,Dickens County,48125,,
TX,Dimmit County,48127,,
TX,Donley County,48129,,
TX,Duval County,48131,,
TX,Eastland County,48133,,
TX,Ector County,48135,,
TX,Edwards County,48137,,
TX,Ellis County,48139,,
TX,El Paso County,48141,,
TX,Erath County,48143,,
TX,Falls County,48145,,
TX,Fannin County,48147,,
TX,Fayette County,48149,,
TX,Fisher County,48151,,
TX,Floyd County,48153,,
TX,Foard County,48155,,
TX,Fort Bend County,48157,,
TX,Franklin County,48159,,
TX,Freestone County,48161,,
TX,Frio County,48163,,
TX,Gaines County,48165,,
TX,Galveston County,48167,,
TX,Garza County,48169,,
TX,Gillespie County,48171,,
TX,Glasscock County,48173,,
TX,Goliad County,48175,,
TX,Gonzales County,48177,,
TX,Gray County,48179,,
TX,Grayson County,48181,,
TX,Gregg County,48183,,
TX,Grimes County,48185,,
TX,Guadalupe County,48187,,
TX,Hale County,48189,,
TX,Hall County,48191,,
TX,Hamilton County,48193,,
TX,Hansford County,48195,,
TX,Hardeman County,48197,,
TX,Hardin County,48199,,
TX,Harris County,48201,,
TX,Harrison County,48203,,
TX,Hartley County,48205,,
TX,Haskell County,48207,,
TX,Hays County,48209,,
TX,Hemphill County,48211,,
TX,Henderson County,48213,,
TX,Hidalgo County,48215,,
TX,Hill County,48217,,
TX,Hockley County,48219,,
TX,Hood County,48221,,
TX,Hopkins County,48223,,
TX,Houston County,48225,,
TX,Howard County,48227,,
TX,Hudspeth County,48229,,
TX,Hunt County,48231,,
TX,Hutchinson County,48233,,
TX,Irion County,48235,,
TX,Jack County,48237,,
TX,Jackson County,48239,,
TX,Jasper County,48241,,
TX,Jeff Davis County,48243,,
TX,Jefferson County,48245,,
TX,Jim Hogg County,48247,,
TX,Jim Wells County,48249,,
TX,Johnson County,48251,,
TX,Jones County,48253,,
TX,Karnes County,48255,,
TX,Kaufman County,48257,,
TX,Kendall County,48259,,
TX,Kenedy County,48261,,
TX,Kent County,48263,,
TX,Kerr County,48265,,
TX,Kimble County,48267,,
TX,King County,48269,,
TX,Kinney County,48271,,
TX,Kleberg County,48273,,
TX,Knox County,48275,,
TX,Lamar County,48277,,
TX,Lamb County,48279,,
TX,Lampasas County,48281,,
TX,La Salle County,48283,,
TX,Lavaca County,48285,,
TX,Lee County,48287,,
TX,Leon County,48289,,
TX,Liberty County,48291,,
TX,Limestone County,48293,,
TX,Lipscomb County,48295,,
TX,Live Oak County,48297,,
TX,Llano County,48299,,
TX,Loving County,48301,,
TX,Lubbock County,48303,,
TX,Lynn County,48305,,
TX,McCulloch County,48307,,
TX,McLennan County,48309,,
TX,McMullen County,48311,,
TX,Madison County,48313,,
TX,Marion County,48315,,
TX,Martin County,48317,,
TX,Mason County,48319,,
TX,Matagorda County,48321,,
TX,Maverick County,48323,,
TX,Medina County,48325,,
TX,Menard County,48327,,
TX,Midland County,48329,,
TX,Milam County,48331,,
TX,Mills County,48333,,
TX,Mitchell County,48335,,
TX,Montague County,48337,,
TX,Montgomery County,48339,,
TX,Moore County,48341,,
TX,Morris County,48343,,
TX,Motley County,48345,,
TX,Nacogdoches County,48347,,
TX,Navarro County,48349,,
TX,Newton County,48351,,
TX,Nolan County,48353,,
TX,Nueces County,48355,,
TX,Ochiltree County,48357,,
TX,Oldham County,48359,,
TX,Orange County,48361,,
TX,Palo Pinto County,48363,,
TX,Panola County,48365,,
TX,Parker County,48367,,
TX,Parmer County,48369,,
TX,Pecos County,48371,,
TX,Polk County,48373,,
TX,Potter County,48375,,
TX,Presidio County,48377,,
TX,Rains County,48379,,
TX,Randall County,48381,,
TX,Reagan County,48383,,
TX,Real County,48385,,
TX,Red River County,48387,,
TX,Reeves County,48389,,
TX,Refugio County,48391,,
TX,Roberts County,48393,,
TX,Robertson County,48395,,
TX,Rockwall County,48397,,
TX,Runnels County,48399,,
TX,Rusk County,48401,,
TX,Sabine County,48403,,
TX,San Augustine County,48405,,
TX,San Jacinto County,48407,,
TX,San Patricio County,48409,,
TX,San Saba County,48411,,
TX,Schleicher County,48413,,
TX,Scurry County,48415,,
TX,Shackelford County,48417,,
TX,Shelby County,48419,,
TX,Sherman County,48421,,
TX,Smith County,48423,,
TX,Somervell County,48425,,
TX,Starr County,48427,,
TX,Stephens County,48429,,
TX,Sterling County,48431,,
TX,Stonewall County,48433,,
TX,Sutton County,48435,,
TX,Swisher County,48437,,
TX,Tarrant County,48439,,
TX,Taylor County,48441,,
TX,Terrell County,48443,,
TX,Terry County,48445,,
TX,Throckmorton County,48447,,
TX,Titus County,48449,,
TX,Tom Green County,48451,,
TX,Travis County,48453,,
TX,Trinity County,48455,,
TX,Tyler County,48457,,
TX,Upshur County,48459,,
TX,Upton County,48461,,
TX,Uvalde County,48463,,
TX,Val Verde County,48465,,
TX,Van Zandt County,48467,,
TX,Victoria County,48469,,
TX,Walker County,48471,,
TX,Waller County,48473,,
TX,Ward County,48475,,
TX,Washington County,48477,,
TX,Webb County,48479,,
TX,Wharton County,48481,,
TX,Wheeler County,48483,,
TX,Wichita County,48485,,
TX,Wilbarger County,48487,,
TX,Willacy County,48489,,
TX,Williamson County,48491,,
TX,Wilson County,48493,,
TX,Winkler County,48495,,
TX,Wise County,48497,,
TX,Wood County,48499,,
TX,Yoakum County,48501,,
TX,Young County,48503,,
TX,Zapata County,48505,,
TX,Zavala County,48507,,
UT,Beaver County,49001,,
UT,Box Elder County,49003,,
UT,Cache County,49005,,
UT,Carbon County,49007,,
UT,Daggett County,49009,,
UT,Davis County,49011,,
UT,Duchesne County,49013,,
UT,Emery County,49015,,
UT,Garfield County,49017,,
UT,Grand County,49019,,
UT,Iron County,49021,,
UT,Juab County,49023,,
UT,Kane County,49025,,
UT,Millard County,49027,,
UT,Morgan County,49029,,
UT,Piute County,49031,,
UT,Rich County,49033,,
UT,Salt Lake County,49035,,
UT,San Juan County,49037,,
UT,Sanpete County,49039,,
UT,Sevier County,49041,,
UT,Summit County,49043,,
UT,Tooele County,49045,,
UT,Uintah County,49047,,
UT,Utah County,49049,,
UT,Wasatch County,49051,,
UT,Washington County,49053,,
UT,Wayne County,49055,,
UT,Weber County,49057,,
VT,Addison County,50001,VT-500,VT-500
VT,Bennington County,50003,VT-500,VT-500
VT,Caledonia County,50005,VT-500,VT-500
VT,Chittenden County,50007,VT-501,VT-501
VT,Essex County,50009,VT-500,VT-500
VT,Franklin County,50011,VT-500,VT-500
VT,Grand Isle County,50013,VT-500,VT-500
VT,Lamoille County,50015,VT-500,VT-500
VT,Orange County,50017,VT-500,VT-500
VT,Orleans County,50019,VT-500,VT-500
VT,Rutland County,50021,VT-500,VT-500
VT,Washington County,50023,VT-500,VT-500
VT,Windham County,50025,VT-500,VT-500
VT,Windsor County,50027,VT-500,VT-500
VA,Accomack County,51001,,
VA,Albemarle County,51003,,
VA,Alleghany County,51005,,
VA,Amelia County,51007,,
VA,Amherst County,51009,,
VA,Appomattox County,51011,,
VA,Arlington County,51013,,
VA,Augusta County,51015,,
VA,Bath County,51017,,
VA,Bedford County,51019,,
VA,Bland County,51021,,
VA,Botetourt County,51023,,
VA,Brunswick County,51025,,
VA,Buchanan County,51027,,
VA,Buckingham County,51029,,
VA,Campbell County,51031,,
VA,Caroline County,51033,,
VA,Carroll County,51035,,
VA,Charles City County,51036,,
VA,Charlotte County,51037,,
VA,Chesterfield County,51041,,
VA,Clarke County,51043,,
VA,Craig County,51045,,
VA,Culpeper County,51047,,
VA,Cumberland County,51049,,
VA,Dickenson County,51051,,
VA,Dinwiddie County,51053,,
VA,Essex County,51057,,
VA,Fairfax County,51059,,
VA,Fauquier County,51061,,
VA,Floyd County,51063,,
VA,Fluvanna County,51065,,
VA,Franklin County,51067,,
VA,Frederick County,51069,,
VA,Giles County,51071,,
VA,Gloucester County,51073,,
VA,Goochland County,51075,,
VA,Grayson County,51077,,
VA,Greene County,51079,,
VA,Greensville County,51081,,
VA,Halifax County,51083,,
VA,Hanover County,51085,,
VA,Henrico County,51087,,
VA,Henry County,51089,,
VA,Highland County,51091,,
VA,Isle of Wight County,51093,,
VA,James City County,51095,,
VA,King and Queen County,51097,,
VA,King George County,51099,,
VA,King William County,51101,,
VA,Lancaster County,51103,,
VA,Lee County,51105,,
VA,Loudoun County,51107,,
VA,Louisa County,51109,,
VA,Lunenburg County,51111,,
VA,Madison County,51113,,
VA,Mathews County,51115,,
VA,Mecklenburg County,51117,,
VA,Middlesex County,51119,,
VA,Montgomery County,51121,,
VA,Nelson County,51125,,
VA,New Kent County,51127,,
VA,Northampton County,51131,,
VA,Northumberland County,51133,,
VA,Nottoway County,51135,,
VA,Orange County,51137,,
VA,Page County,51139,,
VA,Patrick County,51141,,
VA,Pittsylvania County,51143,,
VA,Powhatan County,51145,,
VA,Prince Edward County,51147,,
VA,Prince George County,51149,,
VA,Prince William County,51153,,
VA,Pulaski County,51155,,
VA,Rappahannock County,51157,,
VA,Richmond County,51159,,
VA,Roanoke County,51161,,
VA,Rockbridge County,51163,,
VA,Rockingham County,51165,,
VA,Russell County,51167,,
VA,Scott County,51169,,
VA,Shenandoah County,51171,,
VA,Smyth County,51173,,
VA,Southampton County,51175,,
VA,Spotsylvania County,51177,,
VA,Stafford County,51179,,
VA,Surry County,51181,,
VA,Sussex County,51183,,
VA,Tazewell County,51185,,
VA,Warren County,51187,,
VA,Washington County,51191,,
VA,Westmoreland County,51193,,
VA,Wise County,51195,,
VA,Wythe County,51197,,
VA,York County,51199,,
VA,Alexandria city,51510,,
VA,Bristol city,51520,,
VA,Buena Vista city,51530,,
VA,Charlottesville city,51540,,
VA,Chesapeake city,51550,,
VA,Colonial Heights city,51570,,
VA,Covington city,51580,,
VA,Danville city,51590,,
VA,Emporia city,51595,,
VA,Fairfax city,51600,,
VA,Falls Church city,51610,,
VA,Franklin city,51620,,
VA,Fredericksburg city,51630,,
VA,Galax city,51640,,
VA,Hampton city,51650,,
VA,Harrisonburg city,51660,,
VA,Hopewell city,51670,,
VA,Lexington city,51678,,
VA,Lynchburg city,51680,,
VA,Manassas city,51683,,
VA,Manassas Park city,51685,,
VA,Martinsville city,51690,,
VA,Newport News city,51700,,
VA,Norfolk city,51710,,
VA,Norton city,51720,,
VA,Petersburg city,51730,,
VA,Poquoson city,51735,,
VA,Portsmouth city,51740,,
VA,Radford city,51750,,
VA,Richmond city,51760,,
VA,Roanoke city,51770,,
VA,Salem city,51775,,
VA,Staunton city,51790,,
VA,Suffolk city,51800,,
VA,Virginia Beach city,51810,,
VA,Waynesboro city,51820,,
VA,Williamsburg city,51830,,
VA,Winchester city,51840,,
WA,Adams County,53001,,
WA,Asotin County,53003,,
WA,Benton County,53005,,
WA,Chelan County,53007,,
WA,Clallam County,53009,,
WA,Clark County,53011,,
WA,Columbia County,53013,,
WA,Cowlitz County,53015,,
WA,Douglas County,53017,,
WA,Ferry County,53019,,
WA,Franklin County,53021,,
WA,Garfield County,53023,,
WA,Grant County,53025,,
WA,Grays Harbor County,53027,,
WA,Island County,53029,,
WA,Jefferson County,53031,,
WA,King County,53033,,
WA,Kitsap County,53035,,
WA,Kittitas County,53037,,
WA,Klickitat County,53039,,
WA,Lewis County,53041,,
WA,Lincoln County,53043,,
WA,Mason County,53045,,
WA,Okanogan County,53047,,
WA,Pacific County,53049,,
WA,Pend Oreille County,53051,,
WA,Pierce County,53053,,
WA,San Juan County,53055,,
WA,Skagit County,53057,,
WA,Skamania County,53059,,
WA,Snohomish County,53061,,
WA,Spokane County,53063,,
WA,Stevens County,53065,,
WA,Thurston County,53067,,
WA,Wahkiakum County,53069,,
WA,Walla Walla County,53071,,
WA,Whatcom County,53073,,
WA,Whitman County,53075,,
WA,Yakima County,53077,,
WV,Barbour County,54001,WV-508,Region 2
WV,Berkeley County,54003,WV-508,Region 7
WV,Boone County,54005,WV-503,WV-503
WV,Braxton County,54007,WV-508,Region 2
WV,Brooke County,54009,WV-500,WV-500
WV,Cabell County,54011,WV-501,WV-501
WV,Calhoun County,54013,WV-508,Region 5
WV,Clay County,54015,WV-503,WV-503
WV,Doddridge County,54017,WV-508,Region 1
WV,Fayette County,54019,WV-508,Region 3
WV,Gilmer County,54021,WV-508,Region 2
WV,Grant County,54023,WV-508,Region 6
WV,Greenbrier County,54025,WV-508,Region 8
WV,Hampshire County,54027,WV-508,Region 6
WV,Hancock County,54029,WV-500,WV-500
WV,Hardy County,54031,WV-508,Region 6
WV,Harrison County,54033,WV-508,Region 1
WV,Jackson County,54035,WV-508,Region 5
WV,Jefferson County,54037,WV-508,Region 7
WV,Kanawha County,54039,WV-503,WV-503
WV,Lewis County,54041,WV-508,Region 2
WV,Lincoln County,54043,WV-508,Region 4
WV,Logan County,54045,WV-508,Region 4
WV,McDowell County,54047,WV-508,Region 3
WV,Marion County,54049,WV-508,Region 1
WV,Marshall County,54051,WV-500,WV-500
WV,Mason County,54053,WV-508,Region 5
WV,Mercer County,54055,WV-508,Region 3
WV,Mineral County,54057,WV-508,Region 6
WV,Mingo County,54059,WV-508,Region 4
WV,Monongalia County,54061,WV-508,Region 1
WV,Monroe County,54063,WV-508,Region 8
WV,Morgan County,54065,WV-508,Region 7
WV,Nicholas County,54067,WV-508,Region 3
WV,Ohio County,54069,WV-500,WV-500
WV,Pendleton County,54071,WV-508,Region 6
WV,Pleasants County,54073,WV-508,Region 5
WV,Pocahontas County,54075,WV-508,Region 8
WV,Preston County,54077,WV-508,Region 1
WV,Putnam County,54079,WV-503,WV-503
WV,Raleigh County,54081,WV-508,Region 3
WV,Randolph County,54083,WV-508,Region 2
WV,Ritchie County,54085,WV-508,Region 5
WV,Roane County,54087,WV-508,Region 5
WV,Summers County,54089,WV-508,Region 3
WV,Taylor County,54091,WV-508,Region 1
WV,Tucker County,54093,WV-508,Region 2
WV,Tyler County,54095,WV-508,Region 5
WV,Upshur County,54097,WV-508,Region 2
WV,Wayne County,54099,WV-501,WV-501
WV,Webster County,54101,WV-508,Region 2
WV,Wetzel County,54103,WV-500,WV-500
WV,Wirt County,54105,WV-508,Region 5
WV,Wood County,54107,WV-508,Region 5
WV,Wyoming County,54109,WV-508,Region 3
WI,Adams County,55001,,
WI,Ashland County,55003,,
WI,Barron County,55005,,
WI,Bayfield County,55007,,
WI,Brown County,55009,,
WI,Buffalo County,55011,,
WI,Burnett County,55013,,
WI,Calumet County,55015,,
WI,Chippewa County,55017,,
WI,Clark County,55019,,
WI,Columbia County,55021,,
WI,Crawford County,55023,,
WI,Dane County,55025,,
WI,Dodge County,55027,,
WI,Door County,55029,,
WI,Douglas County,55031,,
WI,Dunn County,55033,,
WI,Eau Claire County,55035,,
WI,Florence County,55037,,
WI,Fond du Lac County,55039,,
WI,Forest County,55041,,
WI,Grant County,55043,,
WI,Green County,55045,,
WI,Green Lake County,55047,,
WI,Iowa County,55049,,
WI,Iron County,55051,,
WI,Jackson County,55053,,
WI,Jefferson County,55055,,
WI,Juneau County,55057,,
WI,Kenosha County,55059,,
WI,Kewaunee County,55061,,
WI,La Crosse County,55063,,
WI,Lafayette County,55065,,
WI,Langlade County,55067,,
WI,Lincoln County,55069,,
WI,Manitowoc County,55071,,
WI,Marathon County,55073,,
WI,Marinette County,55075,,
WI,Marquette County,55077,,
WI,Menominee County,55078,,
WI,Milwaukee County,55079,,
WI,Monroe County,55081,,
WI,Oconto County,55083,,
WI,Oneida County,55085,,
WI,Outagamie County,55087,,
WI,Ozaukee County,55089,,
WI,Pepin County,55091,,
WI,Pierce County,55093,,
WI,Polk County,55095,,
WI,Portage County,55097,,
WI,Price County,55099,,
WI,Racine County,55101,,
WI,Richland County,55103,,
WI,Rock County,55105,,
WI,Rusk County,55107,,
WI,St. Croix County,55109,,
WI,Sauk County,55111,,
WI,Sawyer County,55113,,
WI,Shawano County,55115,,
WI,Sheboygan County,55117,,
WI,Taylor County,55119,,
WI,Trempealeau County,55121,,
WI,Vernon County,55123,,
WI,Vilas County,55125,,
WI,Walworth County,55127,,
WI,Washburn County,55129,,
WI,Washington County,55131,,
WI,Waukesha County,55133,,
WI,Waupaca County,55135,,
WI,Waushara County,55137,,
WI,Winnebago County,55139,,
WI,Wood County,55141,,
WY,Albany County,56001,WY-500,WY-500
WY,Big Horn County,56003,WY-500,WY-500
WY,Campbell County,56005,WY-500,WY-500
WY,Carbon County,56007,WY-500,WY-500
WY,Converse County,56009,WY-500,WY-500
WY,Crook County,56011,WY-500,WY-500
WY,Fremont County,56013,WY-500,WY-500
WY,Goshen County,56015,WY-500,WY-500
WY,Hot Springs County,56017,WY-500,WY-500
WY,Johnson County,56019,WY-500,WY-500
WY,Laramie County,56021,WY-500,WY-500
WY,Lincoln County,56023,WY-500,WY-500
WY,Natrona County,56025,WY-500,WY-500
WY,Niobrara County,56027,WY-500,WY-500
WY,Park County,56029,WY-500,WY-500
WY,Platte County,56031,WY-500,WY-500
WY,Sheridan County,56033,WY-500,WY-500
WY,Sublette County,56035,WY-500,WY-500
WY,Sweetwater County,56037,WY-500,WY-500
WY,Teton County,56039,WY-500,WY-500
WY,Uinta County,56041,WY-500,WY-500
WY,Washakie County,56043,WY-500,WY-500
WY,Weston County,56045,WY-500,WY-500
PR,Adjuntas Municipio,72001,,
PR,Aguada Municipio,72003,,
PR,Aguadilla Municipio,72005,,
PR,Aguas Buenas Municipio,72007,,
PR,Aibonito Municipio,72009,,
PR,Añasco Municipio,72011,,
PR,Arecibo Municipio,72013,,
PR,Arroyo Municipio,72015,,
PR,Barceloneta Municipio,72017,,
PR,Barranquitas Municipio,72019,,
PR,Bayamón Municipio,72021,,
PR,Cabo Rojo Municipio,72023,,
PR,Caguas Municipio,72025,,
PR,Camuy Municipio,72027,,
PR,Canóvanas Municipio,72029,,
PR,Carolina Municipio,72031,,
PR,Cataño Municipio,72033,,
PR,Cayey Municipio,72035,,
PR,Ceiba Municipio,72037,,
PR,Ciales Municipio,72039,,
PR,Cidra Municipio,72041,,
PR,Coamo Municipio,72043,,
PR,Comerío Municipio,72045,,
PR,Corozal Municipio,72047,,
PR,Culebra Municipio,72049,,
PR,Dorado Municipio,72051,,
PR,Fajardo Municipio,72053,,
PR,Florida Municipio,72054,,
PR,Guánica Municipio,72055,,
PR,Guayama Municipio,72057,,
PR,Guayanilla Municipio,72059,,
PR,Guaynabo Municipio,72061,,
PR,Gurabo Municipio,72063,,
PR,Hatillo Municipio,72065,,
PR,Hormigueros Municipio,72067,,
PR,Humacao Municipio,72069,,
PR,Isabela Municipio,72071,,
PR,Jayuya Municipio,72073,,
PR,Juana Díaz Municipio,72075,,
PR,Juncos Municipio,72077,,
PR,Lajas Municipio,72079,,
PR,Lares Municipio,72081,,
PR,Las Marías Municipio,72083,,
PR,Las Piedras Municipio,72085,,
PR,Loíza Municipio,72087,,
PR,Luquillo Municipio,72089,,
PR,Manatí Municipio,72091,,
PR,Maricao Municipio,72093,,
PR,Maunabo Municipio,72095,,
PR,Mayagüez Municipio,72097,,
PR,Moca Municipio,72099,,
PR,Morovis Municipio,72101,,
PR,Naguabo Municipio,72103,,
PR,Naranjito Municipio,72105,,
PR,Orocovis Municipio,72107,,
PR,Patillas Municipio,72109,,
PR,Peñuelas Municipio,72111,,
PR,Ponce Municipio,72113,,
PR,Quebradillas Municipio,72115,,
PR,Rincón Municipio,72117,,
PR,Río Grande Municipio,72119,,
PR,Sabana Grande Municipio,72121,,
PR,Salinas Municipio,72123,,
PR,San Germán Municipio,72125,,
PR,San Juan Municipio,72127,,
PR,San Lorenzo Municipio,72129,,
PR,San Sebastián Municipio,72131,,
PR,Santa Isabel Municipio,72133,,
PR,Toa Alta Municipio,72135,,
PR,Toa Baja Municipio,72137,,
PR,Trujillo Alto Municipio,72139,,
PR,Utuado Municipio,72141,,
PR,Vega Alta Municipio,72143,,
PR,Vega Baja Municipio,72145,,
PR,Vieques Municipio,72147,,
PR,Villalba Municipio,72149,,
PR,Yabucoa Municipio,72151,,
PR,Yauco Municipio,72153,,
